pitcher,strike_pct,zone_pct,chase_pct,swing_pct,called_strike_pct,miss_pct,in_zone_miss_pct,out_zone_miss_pct,xbabip,gb_pct,strike_pct_pct,zone_pct_pct,chase_pct_pct,swing_pct_pct,called_strike_pct_pct,miss_pct_pct,in_zone_miss_pct_pct,out_zone_miss_pct_pct,xbabip_pct,gb_pct_pct
"Abraham, Ty",0.0,0.0,0.0,0.0,0.0,0.0,0.0,0.0,,0.0,0.0,0.0,0.0,0.0,0.0,0.0,0.0,0.0,,0.0
"Absher, Luke",0.0,0.16666666666666666,0.0,0.0,0.0,0.0,0.0,0.0,0.018799716058318157,0.0,0.0,1.7341842397336291,0.0,0.0,0.0,0.0,0.0,0.0,0.8664259927797834,0.0
"Ager, Matt",0.0,0.0,0.0,0.0,0.0,0.0,0.0,0.0,,0.0,0.0,0.0,0.0,0.0,0.0,0.0,0.0,0.0,,0.0
"Albanese, Tyler",0.0,0.0,0.0,0.0,0.0,0.0,0.0,0.0,,0.0,0.0,0.0,0.0,0.0,0.0,0.0,0.0,0.0,,0.0
"Aldrich, Chris",0.0,0.0,0.0,0.0,0.0,0.0,0.0,0.0,,0.0,0.0,0.0,0.0,0.0,0.0,0.0,0.0,0.0,,0.0
"Allen, Cooper",1.0,0.0,1.0,1.0,0.0,0.0,0.0,0.0,,0.0,99.94450610432852,0.0,99.98612652608213,100.0,0.0,0.0,0.0,0.0,,0.0
"Andrade, Kobe",0.0,0.0,0.0,0.0,0.0,0.0,0.0,0.0,,0.0,0.0,0.0,0.0,0.0,0.0,0.0,0.0,0.0,,0.0
"Anicker, Wyatt",0.0,1.0,0.0,0.0,0.0,0.0,0.0,0.0,,0.0,0.0,99.87513873473918,0.0,0.0,0.0,0.0,0.0,0.0,,0.0
"Aponte, Joismer",0.0,0.0,0.0,0.0,0.0,0.0,0.0,0.0,,0.0,0.0,0.0,0.0,0.0,0.0,0.0,0.0,0.0,,0.0
"Ariola, Joseph",0.0,0.0,0.0,0.0,0.0,0.0,0.0,0.0,,0.0,0.0,0.0,0.0,0.0,0.0,0.0,0.0,0.0,,0.0
"Armstrong, Andrew",0.0,0.0,0.0,0.0,0.0,0.0,0.0,0.0,,0.0,0.0,0.0,0.0,0.0,0.0,0.0,0.0,0.0,,0.0
"Armstrong, John",0.0,0.0,0.0,0.0,0.0,0.0,0.0,0.0,,0.0,0.0,0.0,0.0,0.0,0.0,0.0,0.0,0.0,,0.0
"Arnett, Jeremiah",0.0,0.0,0.0,0.0,0.0,0.0,0.0,0.0,,0.0,0.0,0.0,0.0,0.0,0.0,0.0,0.0,0.0,,0.0
"Arnold, Jamie",0.0,0.0,0.0,0.0,0.0,0.0,0.0,0.0,,0.0,0.0,0.0,0.0,0.0,0.0,0.0,0.0,0.0,,0.0
"Aschenbeck, Evan",1.0,0.0,1.0,0.0,1.0,0.0,0.0,0.0,,0.0,99.94450610432852,0.0,99.98612652608213,0.0,99.98612652608213,0.0,0.0,0.0,,0.0
"Ashman, Micah",0.0,0.0,0.0,0.0,0.0,0.0,0.0,0.0,,0.0,0.0,0.0,0.0,0.0,0.0,0.0,0.0,0.0,,0.0
"Ates, Trey",0.0,0.0,0.0,0.0,0.0,0.0,0.0,0.0,,0.0,0.0,0.0,0.0,0.0,0.0,0.0,0.0,0.0,,0.0
"Atwood, Carson",0.0,0.0,0.0,0.0,0.0,0.0,0.0,0.0,,0.0,0.0,0.0,0.0,0.0,0.0,0.0,0.0,0.0,,0.0
"Ayers, Kyle",1.0,0.0,1.0,0.0,1.0,0.0,0.0,0.0,,0.0,99.94450610432852,0.0,99.98612652608213,0.0,99.98612652608213,0.0,0.0,0.0,,0.0
"Bailey, Gray",0.0,0.0,0.0,0.0,0.0,0.0,0.0,0.0,,0.0,0.0,0.0,0.0,0.0,0.0,0.0,0.0,0.0,,0.0
"Baker, Trey",0.5,0.0,0.5,0.5,0.0,0.5,0.0,0.5,,0.0,95.67147613762486,0.0,99.69478357380687,99.7780244173141,0.0,99.97225305216426,0.0,99.97225305216426,,0.0
"Baker, Von",0.2727272727272727,0.2727272727272727,0.0,0.2727272727272727,0.0,0.18181818181818182,0.18181818181818182,0.0,,0.0,14.511653718091011,11.77857935627081,0.0,85.59933407325194,0.0,96.69811320754717,99.65316315205327,0.0,,0.0
"Baltus, Brady",0.0,0.0,0.0,0.0,0.0,0.0,0.0,0.0,,0.0,0.0,0.0,0.0,0.0,0.0,0.0,0.0,0.0,,0.0
"Bard, Parker",0.0,0.0,0.0,0.0,0.0,0.0,0.0,0.0,,0.0,0.0,0.0,0.0,0.0,0.0,0.0,0.0,0.0,,0.0
"Bargo, Simon",0.0,0.0,0.0,0.0,0.0,0.0,0.0,0.0,,0.0,0.0,0.0,0.0,0.0,0.0,0.0,0.0,0.0,,0.0
"Barker, Colby",0.0,0.0,0.0,0.0,0.0,0.0,0.0,0.0,,0.0,0.0,0.0,0.0,0.0,0.0,0.0,0.0,0.0,,0.0
"Barnett, Michael",0.0,0.0,0.0,0.0,0.0,0.0,0.0,0.0,,0.0,0.0,0.0,0.0,0.0,0.0,0.0,0.0,0.0,,0.0
"Barquin, Blake",1.0,1.0,0.0,1.0,0.0,0.0,0.0,0.0,,0.0,99.94450610432852,99.87513873473918,0.0,100.0,0.0,0.0,0.0,0.0,,0.0
"Barr, Kurt",0.0,0.0,0.0,0.0,0.0,0.0,0.0,0.0,,0.0,0.0,0.0,0.0,0.0,0.0,0.0,0.0,0.0,,0.0
"Barrett, Diego",0.0,0.0,0.0,0.0,0.0,0.0,0.0,0.0,,0.0,0.0,0.0,0.0,0.0,0.0,0.0,0.0,0.0,,0.0
"Barrett, Gabriel",0.0,0.0,0.0,0.0,0.0,0.0,0.0,0.0,,0.0,0.0,0.0,0.0,0.0,0.0,0.0,0.0,0.0,,0.0
"Bassham, Corbin",0.21428571428571427,0.0,0.21428571428571427,0.0,0.21428571428571427,0.0,0.0,0.0,,0.07142857142857142,5.868479467258601,0.0,81.56215316315205,0.0,84.14261931187569,0.0,0.0,0.0,,56.562153163152054
"Bates, Ethan",0.0,0.0,0.0,0.0,0.0,0.0,0.0,0.0,,0.0,0.0,0.0,0.0,0.0,0.0,0.0,0.0,0.0,,0.0
"Beal, Danny",0.0,0.0,0.0,0.0,0.0,0.0,0.0,0.0,,0.0,0.0,0.0,0.0,0.0,0.0,0.0,0.0,0.0,,0.0
"Beaty, Kyle",0.0,0.0,0.0,0.0,0.0,0.0,0.0,0.0,,0.0,0.0,0.0,0.0,0.0,0.0,0.0,0.0,0.0,,0.0
"Beaver, Jake",0.6,0.4,0.2,0.4,0.2,0.2,0.0,0.2,,0.0,99.54217536071032,74.09822419533852,72.53052164261932,99.15371809100999,75.16648168701443,97.69700332963373,0.0,99.33407325194229,,0.0
"Beck, Dylan",1.0,1.0,0.0,1.0,0.0,1.0,1.0,0.0,,0.0,99.94450610432852,99.87513873473918,0.0,100.0,0.0,100.0,100.0,0.0,,0.0
"Becker, Matthew",0.0,0.0,0.0,0.0,0.0,0.0,0.0,0.0,,0.0,0.0,0.0,0.0,0.0,0.0,0.0,0.0,0.0,,0.0
"Beezley, Josh",0.0,0.0,0.0,0.0,0.0,0.0,0.0,0.0,,0.0,0.0,0.0,0.0,0.0,0.0,0.0,0.0,0.0,,0.0
"Begnaud, Stiles",0.0,0.0,0.0,0.0,0.0,0.0,0.0,0.0,,0.0,0.0,0.0,0.0,0.0,0.0,0.0,0.0,0.0,,0.0
"Beidelschies, Landon",0.0,0.0,0.0,0.0,0.0,0.0,0.0,0.0,,0.0,0.0,0.0,0.0,0.0,0.0,0.0,0.0,0.0,,0.0
"Beilenson, Charlie",0.0,0.0,0.0,0.0,0.0,0.0,0.0,0.0,,0.0,0.0,0.0,0.0,0.0,0.0,0.0,0.0,0.0,,0.0
"Bell, Charlie",0.0,0.0,0.0,0.0,0.0,0.0,0.0,0.0,,0.0,0.0,0.0,0.0,0.0,0.0,0.0,0.0,0.0,,0.0
"Beltran, Jacob",0.0,0.0,0.0,0.0,0.0,0.0,0.0,0.0,,0.0,0.0,0.0,0.0,0.0,0.0,0.0,0.0,0.0,,0.0
"Bennett, Jack",1.0,0.0,1.0,0.0,1.0,0.0,0.0,0.0,,0.0,99.94450610432852,0.0,99.98612652608213,0.0,99.98612652608213,0.0,0.0,0.0,,0.0
"Benson, Shea",0.0,0.0,0.0,0.0,0.0,0.0,0.0,0.0,,0.0,0.0,0.0,0.0,0.0,0.0,0.0,0.0,0.0,,0.0
"Bercovich, Jadon",0.0,0.0,0.0,0.0,0.0,0.0,0.0,0.0,,0.0,0.0,0.0,0.0,0.0,0.0,0.0,0.0,0.0,,0.0
"Bernard, Harry",0.0,0.0,0.0,0.0,0.0,0.0,0.0,0.0,0.6345103823745292,1.0,0.0,0.0,0.0,0.0,0.0,0.0,0.0,0.0,88.77978339350182,99.9583795782464
"Bilka, Ryan",0.0,0.0,0.0,0.0,0.0,0.0,0.0,0.0,,0.0,0.0,0.0,0.0,0.0,0.0,0.0,0.0,0.0,,0.0
"Biven, Tucker",0.5094339622641509,0.0,0.5094339622641509,0.3018867924528302,0.20754716981132076,0.1320754716981132,0.0,0.1320754716981132,,0.07547169811320754,97.21143174250832,0.0,99.90288568257492,93.07713651498335,81.02108768035517,84.61431742508324,0.0,97.35016648168701,,62.12541620421753
"Blain, Nate",0.0,0.0,0.0,0.0,0.0,0.0,0.0,0.0,,0.0,0.0,0.0,0.0,0.0,0.0,0.0,0.0,0.0,,0.0
"Blank, Jackson",0.0,0.0,0.0,0.0,0.0,0.0,0.0,0.0,,0.0,0.0,0.0,0.0,0.0,0.0,0.0,0.0,0.0,,0.0
"Blazan, Jackson",1.0,0.0,1.0,1.0,0.0,0.0,0.0,0.0,,0.0,99.94450610432852,0.0,99.98612652608213,100.0,0.0,0.0,0.0,0.0,,0.0
"Boaz, Folger",0.0,0.0,0.0,0.0,0.0,0.0,0.0,0.0,,0.0,0.0,0.0,0.0,0.0,0.0,0.0,0.0,0.0,,0.0
"Boehm, Gage",1.0,0.0,1.0,0.0,1.0,0.0,0.0,0.0,,0.0,99.94450610432852,0.0,99.98612652608213,0.0,99.98612652608213,0.0,0.0,0.0,,0.0
"Bonn, Nick",0.5,0.0,0.5,0.25,0.25,0.0,0.0,0.0,,0.0,95.67147613762486,0.0,99.69478357380687,76.165371809101,93.81243063263041,0.0,0.0,0.0,,0.0
"Bothwell, Ty",0.0,0.3333333333333333,0.0,0.0,0.0,0.0,0.0,0.0,,0.0,0.0,31.215316315205328,0.0,0.0,0.0,0.0,0.0,0.0,,0.0
"Boyle, Samuel",0.0,0.0,0.0,0.0,0.0,0.0,0.0,0.0,,0.0,0.0,0.0,0.0,0.0,0.0,0.0,0.0,0.0,,0.0
"Bradley, Ryan",0.38461538461538464,0.3076923076923077,0.3076923076923077,0.23076923076923078,0.15384615384615385,0.23076923076923078,0.0,0.23076923076923078,0.12308273044075872,0.07692307692307693,54.05105438401776,21.046059933407324,97.94672586015538,66.38457269700334,29.605993340732518,98.8762486126526,0.0,99.6392896781354,3.292418772563177,63.51276359600444
"Brasosky, Gavin",1.0,0.0,1.0,0.0,1.0,0.0,0.0,0.0,,0.0,99.94450610432852,0.0,99.98612652608213,0.0,99.98612652608213,0.0,0.0,0.0,,0.0
"Bremner, Tyler",0.0,0.0,0.0,0.0,0.0,0.0,0.0,0.0,,0.0,0.0,0.0,0.0,0.0,0.0,0.0,0.0,0.0,,0.0
"Brewington, Isaiah",0.0,0.0,0.0,0.0,0.0,0.0,0.0,0.0,,0.0,0.0,0.0,0.0,0.0,0.0,0.0,0.0,0.0,,0.0
"Brooks, Jake",0.0,0.3333333333333333,0.0,0.0,0.0,0.0,0.0,0.0,,0.0,0.0,31.215316315205328,0.0,0.0,0.0,0.0,0.0,0.0,,0.0
"Brooks, Steven",0.0,0.0,0.0,0.0,0.0,0.0,0.0,0.0,,0.0,0.0,0.0,0.0,0.0,0.0,0.0,0.0,0.0,,0.0
"Brown, Ethan",0.0,0.0,0.0,0.0,0.0,0.0,0.0,0.0,,0.0,0.0,0.0,0.0,0.0,0.0,0.0,0.0,0.0,,0.0
"Bruno, Nick",0.0,0.0,0.0,0.0,0.0,0.0,0.0,0.0,,0.0,0.0,0.0,0.0,0.0,0.0,0.0,0.0,0.0,,0.0
"Brush, Austin",0.0,0.0,0.0,0.0,0.0,0.0,0.0,0.0,,0.0,0.0,0.0,0.0,0.0,0.0,0.0,0.0,0.0,,0.0
"Bunch, Caleb",0.0,0.0,0.0,0.0,0.0,0.0,0.0,0.0,,0.0,0.0,0.0,0.0,0.0,0.0,0.0,0.0,0.0,,0.0
"Bunch, Wyatt",0.0,0.0,0.0,0.0,0.0,0.0,0.0,0.0,,0.0,0.0,0.0,0.0,0.0,0.0,0.0,0.0,0.0,,0.0
"Burrows, Jared",0.4444444444444444,0.2222222222222222,0.2777777777777778,0.3333333333333333,0.1111111111111111,0.16666666666666666,0.05555555555555555,0.1111111111111111,0.0438321853389048,0.05555555555555555,83.33795782463929,4.855715871254162,96.55937846836848,96.40677025527192,8.074361820199778,94.72807991120976,83.51831298557158,94.14539400665927,1.660649819494585,35.37735849056604
"Butash, Mason",0.0,0.0,0.0,0.0,0.0,0.0,0.0,0.0,,0.0,0.0,0.0,0.0,0.0,0.0,0.0,0.0,0.0,,0.0
"Byrd, Adam",0.0,0.0,0.0,0.0,0.0,0.0,0.0,0.0,,0.0,0.0,0.0,0.0,0.0,0.0,0.0,0.0,0.0,,0.0
"Byrns, Tyler",0.0,0.0,0.0,0.0,0.0,0.0,0.0,0.0,,0.0,0.0,0.0,0.0,0.0,0.0,0.0,0.0,0.0,,0.0
"Calder, Ethan",1.0,0.0,1.0,0.0,1.0,0.0,0.0,0.0,,0.0,99.94450610432852,0.0,99.98612652608213,0.0,99.98612652608213,0.0,0.0,0.0,,0.0
"Calia, Kolby",0.0,0.0,0.0,0.0,0.0,0.0,0.0,0.0,,0.0,0.0,0.0,0.0,0.0,0.0,0.0,0.0,0.0,,0.0
"Campbell, Carter",0.0,0.0,0.0,0.0,0.0,0.0,0.0,0.0,,0.0,0.0,0.0,0.0,0.0,0.0,0.0,0.0,0.0,,0.0
"Carabajal, Noah",0.0,0.0,0.0,0.0,0.0,0.0,0.0,0.0,,0.0,0.0,0.0,0.0,0.0,0.0,0.0,0.0,0.0,,0.0
"Cardenas III, Xavier",0.0,0.0,0.0,0.0,0.0,0.0,0.0,0.0,,0.0,0.0,0.0,0.0,0.0,0.0,0.0,0.0,0.0,,0.0
"Carlon, Cole",0.0,0.0,0.0,0.0,0.0,0.0,0.0,0.0,,0.0,0.0,0.0,0.0,0.0,0.0,0.0,0.0,0.0,,0.0
"Carmona, Yordani",0.0,0.0,0.0,0.0,0.0,0.0,0.0,0.0,,0.0,0.0,0.0,0.0,0.0,0.0,0.0,0.0,0.0,,0.0
"Carson, Chase",0.0,0.0,0.0,0.0,0.0,0.0,0.0,0.0,,0.0,0.0,0.0,0.0,0.0,0.0,0.0,0.0,0.0,,0.0
"Carter, Seth",1.0,0.0,1.0,1.0,0.0,1.0,0.0,1.0,,0.0,99.94450610432852,0.0,99.98612652608213,100.0,0.0,100.0,0.0,100.0,,0.0
"Carter, William",0.4,0.2,0.2,0.0,0.4,0.0,0.0,0.0,,0.0,61.63984461709212,3.0799112097669257,72.53052164261932,0.0,99.72253052164261,0.0,0.0,0.0,,0.0
"Cash, Steven",0.0,0.0,0.0,0.0,0.0,0.0,0.0,0.0,,0.0,0.0,0.0,0.0,0.0,0.0,0.0,0.0,0.0,,0.0
"Cassell, Parker",0.0,0.0,0.0,0.0,0.0,0.0,0.0,0.0,,0.0,0.0,0.0,0.0,0.0,0.0,0.0,0.0,0.0,,0.0
"Cates, Austin",1.0,0.0,1.0,0.0,1.0,0.0,0.0,0.0,,0.0,99.94450610432852,0.0,99.98612652608213,0.0,99.98612652608213,0.0,0.0,0.0,,0.0
"Caudill, Carson",0.0,0.0,0.0,0.0,0.0,0.0,0.0,0.0,,0.0,0.0,0.0,0.0,0.0,0.0,0.0,0.0,0.0,,0.0
"Chadwick, Tyrelle",0.5,0.0,0.5,0.5,0.0,0.5,0.0,0.5,,0.5,95.67147613762486,0.0,99.69478357380687,99.7780244173141,0.0,99.97225305216426,0.0,99.97225305216426,,99.90288568257492
"Charles, Joe",0.3333333333333333,0.3333333333333333,0.0,0.3333333333333333,0.0,0.0,0.0,0.0,,0.0,30.382907880133185,31.215316315205328,0.0,96.40677025527192,0.0,0.0,0.0,0.0,,0.0
"Charlton, Tyler",0.0,0.0,0.0,0.0,0.0,0.0,0.0,0.0,,0.0,0.0,0.0,0.0,0.0,0.0,0.0,0.0,0.0,,0.0
"Chicoine, Bobby",0.0,0.0,0.0,0.0,0.0,0.0,0.0,0.0,,0.0,0.0,0.0,0.0,0.0,0.0,0.0,0.0,0.0,,0.0
"Chirico, Dante",1.0,1.0,0.0,1.0,0.0,0.0,0.0,0.0,,0.0,99.94450610432852,99.87513873473918,0.0,100.0,0.0,0.0,0.0,0.0,,0.0
"Chriss, Donovan",0.0,0.0,0.0,0.0,0.0,0.0,0.0,0.0,,0.0,0.0,0.0,0.0,0.0,0.0,0.0,0.0,0.0,,0.0
"Christie, David",0.0,0.0,0.0,0.0,0.0,0.0,0.0,0.0,,0.0,0.0,0.0,0.0,0.0,0.0,0.0,0.0,0.0,,0.0
"Ciampa, Tristan",0.0,0.0,0.0,0.0,0.0,0.0,0.0,0.0,,0.0,0.0,0.0,0.0,0.0,0.0,0.0,0.0,0.0,,0.0
"Cijntje, Jurrangelo",0.0,0.0,0.0,0.0,0.0,0.0,0.0,0.0,,0.0,0.0,0.0,0.0,0.0,0.0,0.0,0.0,0.0,,0.0
"Clark, Cooper",0.0,0.0,0.0,0.0,0.0,0.0,0.0,0.0,,0.0,0.0,0.0,0.0,0.0,0.0,0.0,0.0,0.0,,0.0
"Clark, Derek",0.0,0.0,0.0,0.0,0.0,0.0,0.0,0.0,,0.0,0.0,0.0,0.0,0.0,0.0,0.0,0.0,0.0,,0.0
"Clausen, Seth",0.0,0.0,0.0,0.0,0.0,0.0,0.0,0.0,,0.0,0.0,0.0,0.0,0.0,0.0,0.0,0.0,0.0,,0.0
"Coil, Parker",0.0,0.0,0.0,0.0,0.0,0.0,0.0,0.0,,0.0,0.0,0.0,0.0,0.0,0.0,0.0,0.0,0.0,,0.0
"Colarusso, AJ",0.3333333333333333,0.0,0.3333333333333333,0.0,0.3333333333333333,0.0,0.0,0.0,,0.0,30.382907880133185,0.0,98.58490566037736,0.0,98.72364039955605,0.0,0.0,0.0,,0.0
"Coldiron, Gavi",0.0,0.0,0.0,0.0,0.0,0.0,0.0,0.0,,0.0,0.0,0.0,0.0,0.0,0.0,0.0,0.0,0.0,,0.0
"Cole, Jordan",0.0,0.0,0.0,0.0,0.0,0.0,0.0,0.0,,0.0,0.0,0.0,0.0,0.0,0.0,0.0,0.0,0.0,,0.0
"Coleman, Baley",0.0,0.0,0.0,0.0,0.0,0.0,0.0,0.0,,0.0,0.0,0.0,0.0,0.0,0.0,0.0,0.0,0.0,,0.0
"Colon, Gil",0.0,0.0,0.0,0.0,0.0,0.0,0.0,0.0,,0.0,0.0,0.0,0.0,0.0,0.0,0.0,0.0,0.0,,0.0
"Consaul, Braden",0.0,0.0,0.0,0.0,0.0,0.0,0.0,0.0,,0.0,0.0,0.0,0.0,0.0,0.0,0.0,0.0,0.0,,0.0
"Conway, Elias",0.0,0.0,0.0,0.0,0.0,0.0,0.0,0.0,,0.0,0.0,0.0,0.0,0.0,0.0,0.0,0.0,0.0,,0.0
"Cook, Avery",0.0,0.0,0.0,0.0,0.0,0.0,0.0,0.0,,0.0,0.0,0.0,0.0,0.0,0.0,0.0,0.0,0.0,,0.0
"Cook, Harrison",0.0,0.0,0.0,0.0,0.0,0.0,0.0,0.0,,0.0,0.0,0.0,0.0,0.0,0.0,0.0,0.0,0.0,,0.0
"Cooksey, Cooper",0.0,0.0,0.0,0.0,0.0,0.0,0.0,0.0,,0.0,0.0,0.0,0.0,0.0,0.0,0.0,0.0,0.0,,0.0
"Coombes, Christian",0.0,0.0,0.0,0.0,0.0,0.0,0.0,0.0,,0.0,0.0,0.0,0.0,0.0,0.0,0.0,0.0,0.0,,0.0
"Coon, Charlie",0.0,0.0,0.0,0.0,0.0,0.0,0.0,0.0,,0.0,0.0,0.0,0.0,0.0,0.0,0.0,0.0,0.0,,0.0
"Coppola, Pierce",0.0,0.0,0.0,0.0,0.0,0.0,0.0,0.0,,0.0,0.0,0.0,0.0,0.0,0.0,0.0,0.0,0.0,,0.0
"Corbett, Kaleb",0.0,0.0,0.0,0.0,0.0,0.0,0.0,0.0,,0.0,0.0,0.0,0.0,0.0,0.0,0.0,0.0,0.0,,0.0
"Cortez, Christopher",0.0,0.0,0.0,0.0,0.0,0.0,0.0,0.0,,0.0,0.0,0.0,0.0,0.0,0.0,0.0,0.0,0.0,,0.0
"Cox, Cy",0.0,0.0,0.0,0.0,0.0,0.0,0.0,0.0,,0.0,0.0,0.0,0.0,0.0,0.0,0.0,0.0,0.0,,0.0
"Crawford, Kasey",1.0,0.0,1.0,0.0,1.0,0.0,0.0,0.0,,0.0,99.94450610432852,0.0,99.98612652608213,0.0,99.98612652608213,0.0,0.0,0.0,,0.0
"Crowther, Ashton",0.0,0.0,0.0,0.0,0.0,0.0,0.0,0.0,,0.0,0.0,0.0,0.0,0.0,0.0,0.0,0.0,0.0,,0.0
"Crumbley, Andrew",0.0,0.0,0.0,0.0,0.0,0.0,0.0,0.0,,0.0,0.0,0.0,0.0,0.0,0.0,0.0,0.0,0.0,,0.0
"Cunneely, Michael",0.2,0.0,0.2,0.0,0.2,0.0,0.0,0.0,,0.0,4.273029966703663,0.0,72.53052164261932,0.0,75.16648168701443,0.0,0.0,0.0,,0.0
"Curley, Brian",0.0,0.0,0.0,0.0,0.0,0.0,0.0,0.0,,0.0,0.0,0.0,0.0,0.0,0.0,0.0,0.0,0.0,,0.0
"Cushing, Stone",0.0,0.0,0.0,0.0,0.0,0.0,0.0,0.0,,0.0,0.0,0.0,0.0,0.0,0.0,0.0,0.0,0.0,,0.0
"D'Ercole, Dominick",0.0,0.0,0.0,0.0,0.0,0.0,0.0,0.0,,0.0,0.0,0.0,0.0,0.0,0.0,0.0,0.0,0.0,,0.0
"Dahle, Candon",0.0,0.0,0.0,0.0,0.0,0.0,0.0,0.0,,0.0,0.0,0.0,0.0,0.0,0.0,0.0,0.0,0.0,,0.0
"Daniels, Carter",0.0,0.0,0.0,0.0,0.0,0.0,0.0,0.0,,0.0,0.0,0.0,0.0,0.0,0.0,0.0,0.0,0.0,,0.0
"Daniels, Sam",0.0,0.0,0.0,0.0,0.0,0.0,0.0,0.0,,0.0,0.0,0.0,0.0,0.0,0.0,0.0,0.0,0.0,,0.0
"Dannelley, Jackson",0.0,0.0,0.0,0.0,0.0,0.0,0.0,0.0,,0.0,0.0,0.0,0.0,0.0,0.0,0.0,0.0,0.0,,0.0
"Darden, Ethan",1.0,0.0,1.0,1.0,0.0,1.0,0.0,1.0,,0.0,99.94450610432852,0.0,99.98612652608213,100.0,0.0,100.0,0.0,100.0,,0.0
"Davis, Braden",1.0,0.0,1.0,0.0,1.0,0.0,0.0,0.0,,0.0,99.94450610432852,0.0,99.98612652608213,0.0,99.98612652608213,0.0,0.0,0.0,,0.0
"Davis, Hiram",0.0,0.0,0.0,0.0,0.0,0.0,0.0,0.0,,0.0,0.0,0.0,0.0,0.0,0.0,0.0,0.0,0.0,,0.0
"DeCicco, Mark",1.0,0.0,1.0,0.0,1.0,0.0,0.0,0.0,,0.0,99.94450610432852,0.0,99.98612652608213,0.0,99.98612652608213,0.0,0.0,0.0,,0.0
"DeGaetano, Chic",0.0,0.0,0.0,0.0,0.0,0.0,0.0,0.0,,0.0,0.0,0.0,0.0,0.0,0.0,0.0,0.0,0.0,,0.0
"DeGracia, Manuel",0.0,0.0,0.0,0.0,0.0,0.0,0.0,0.0,,0.0,0.0,0.0,0.0,0.0,0.0,0.0,0.0,0.0,,0.0
"DeMonica, Nick",1.0,0.0,1.0,0.0,1.0,0.0,0.0,0.0,,0.0,99.94450610432852,0.0,99.98612652608213,0.0,99.98612652608213,0.0,0.0,0.0,,0.0
"Dean, Tyler",0.0,0.0,0.0,0.0,0.0,0.0,0.0,0.0,,0.0,0.0,0.0,0.0,0.0,0.0,0.0,0.0,0.0,,0.0
"Decooman, JedÂ ",0.0,0.0,0.0,0.0,0.0,0.0,0.0,0.0,,0.0,0.0,0.0,0.0,0.0,0.0,0.0,0.0,0.0,,0.0
"Degges, Ryan",0.0,0.0,0.0,0.0,0.0,0.0,0.0,0.0,,0.0,0.0,0.0,0.0,0.0,0.0,0.0,0.0,0.0,,0.0
"Deitelbaum, Trey",0.3333333333333333,0.08333333333333333,0.3333333333333333,0.25,0.08333333333333333,0.16666666666666666,0.0,0.16666666666666666,0.011700223156785896,0.08333333333333333,30.382907880133185,0.6243063263041065,98.58490566037736,76.165371809101,3.7735849056603774,94.72807991120976,0.0,98.76526082130965,0.5776173285198556,70.8795782463929
"Delaney, Carter",0.0,0.0,0.0,0.0,0.0,0.0,0.0,0.0,,0.0,0.0,0.0,0.0,0.0,0.0,0.0,0.0,0.0,,0.0
"Delano, Matthew",0.0,0.0,0.0,0.0,0.0,0.0,0.0,0.0,,0.0,0.0,0.0,0.0,0.0,0.0,0.0,0.0,0.0,,0.0
"Delongchamp, Luke",0.75,0.25,0.5,0.625,0.125,0.375,0.0,0.375,0.23838127400559297,0.0,99.90288568257492,7.3668146503884575,99.69478357380687,99.94450610432852,12.083795782463929,99.91675915649279,0.0,99.9583795782464,6.584837545126354,0.0
"Delvecchio, Cody",0.0,0.0,0.0,0.0,0.0,0.0,0.0,0.0,,0.0,0.0,0.0,0.0,0.0,0.0,0.0,0.0,0.0,,0.0
"Denner, Jacob",0.0,0.0,0.0,0.0,0.0,0.0,0.0,0.0,,0.0,0.0,0.0,0.0,0.0,0.0,0.0,0.0,0.0,,0.0
"Dennies, Jackson",0.0,0.0,0.0,0.0,0.0,0.0,0.0,0.0,,0.0,0.0,0.0,0.0,0.0,0.0,0.0,0.0,0.0,,0.0
"Dennis, Gunnar",0.0,0.125,0.0,0.0,0.0,0.0,0.0,0.0,,0.0,0.0,1.0127635960044397,0.0,0.0,0.0,0.0,0.0,0.0,,0.0
"Denton, Cade",0.0,0.0,0.0,0.0,0.0,0.0,0.0,0.0,,0.5,0.0,0.0,0.0,0.0,0.0,0.0,0.0,0.0,,99.90288568257492
"Dermody, Easton",0.0,0.0,0.0,0.0,0.0,0.0,0.0,0.0,,0.0,0.0,0.0,0.0,0.0,0.0,0.0,0.0,0.0,,0.0
"Devooght, Gavin",0.0,0.0,0.0,0.0,0.0,0.0,0.0,0.0,,0.0,0.0,0.0,0.0,0.0,0.0,0.0,0.0,0.0,,0.0
"Diekmann, Luke",0.0,0.0,0.0,0.0,0.0,0.0,0.0,0.0,,0.0,0.0,0.0,0.0,0.0,0.0,0.0,0.0,0.0,,0.0
"Dill, Jay",0.0,0.0,0.0,0.0,0.0,0.0,0.0,0.0,,0.0,0.0,0.0,0.0,0.0,0.0,0.0,0.0,0.0,,0.0
"Dixon, Jake",0.0,0.0,0.0,0.0,0.0,0.0,0.0,0.0,,0.0,0.0,0.0,0.0,0.0,0.0,0.0,0.0,0.0,,0.0
"Dobbs, Tyler",0.0,0.0,0.0,0.0,0.0,0.0,0.0,0.0,,0.0,0.0,0.0,0.0,0.0,0.0,0.0,0.0,0.0,,0.0
"Doorn, Carter",0.0,0.0,0.0,0.0,0.0,0.0,0.0,0.0,,0.0,0.0,0.0,0.0,0.0,0.0,0.0,0.0,0.0,,0.0
"Dorn, Rob",0.0,0.0,0.0,0.0,0.0,0.0,0.0,0.0,,0.0,0.0,0.0,0.0,0.0,0.0,0.0,0.0,0.0,,0.0
"Dorsey, Chandler",0.5,0.0,0.5,0.0,0.5,0.0,0.0,0.0,,0.0,95.67147613762486,0.0,99.69478357380687,0.0,99.87513873473918,0.0,0.0,0.0,,0.0
"Dougan, Kolby",0.0,0.0,0.0,0.0,0.0,0.0,0.0,0.0,,0.0,0.0,0.0,0.0,0.0,0.0,0.0,0.0,0.0,,0.0
"Doyle, Justin",0.0,0.0,0.0,0.0,0.0,0.0,0.0,0.0,,0.0,0.0,0.0,0.0,0.0,0.0,0.0,0.0,0.0,,0.0
"Draper, Hunter",0.0,0.0,0.0,0.0,0.0,0.0,0.0,0.0,,0.0,0.0,0.0,0.0,0.0,0.0,0.0,0.0,0.0,,0.0
"Drumheller, Sam",0.0,0.0,0.0,0.0,0.0,0.0,0.0,0.0,,0.0,0.0,0.0,0.0,0.0,0.0,0.0,0.0,0.0,,0.0
"Durham, JT",1.0,0.0,1.0,0.0,1.0,0.0,0.0,0.0,,0.0,99.94450610432852,0.0,99.98612652608213,0.0,99.98612652608213,0.0,0.0,0.0,,0.0
"Dutton, Sam",0.0,0.0,0.0,0.0,0.0,0.0,0.0,0.0,,0.0,0.0,0.0,0.0,0.0,0.0,0.0,0.0,0.0,,0.0
"Dygert, Caylon",0.0,0.0,0.0,0.0,0.0,0.0,0.0,0.0,,0.0,0.0,0.0,0.0,0.0,0.0,0.0,0.0,0.0,,0.0
"Eaton, Elliott",0.6666666666666666,0.3333333333333333,0.3333333333333333,0.0,0.6666666666666666,0.0,0.0,0.0,,0.0,99.76415094339622,31.215316315205328,98.58490566037736,0.0,99.9583795782464,0.0,0.0,0.0,,0.0
"Eisen, Owen",0.0,0.0,0.0,0.0,0.0,0.0,0.0,0.0,,0.0,0.0,0.0,0.0,0.0,0.0,0.0,0.0,0.0,,0.0
"Ekness, Josh",0.0,0.0,0.0,0.0,0.0,0.0,0.0,0.0,,0.0,0.0,0.0,0.0,0.0,0.0,0.0,0.0,0.0,,0.0
"Elder, Jackson",0.0,0.0,0.0,0.0,0.0,0.0,0.0,0.0,,0.0,0.0,0.0,0.0,0.0,0.0,0.0,0.0,0.0,,0.0
"Ellison, Chris",0.5294117647058824,0.29411764705882354,0.29411764705882354,0.23529411764705882,0.29411764705882354,0.058823529411764705,0.0,0.058823529411764705,0.43774881033511837,0.058823529411764705,98.19644839067703,17.050499445061043,97.43340732519424,68.85405105438402,97.97447280799112,22.14206437291898,0.0,55.549389567147614,36.62093862815885,39.33129855715871
"Ellwanger, James",0.0,0.0,0.0,0.0,0.0,0.0,0.0,0.0,,0.0,0.0,0.0,0.0,0.0,0.0,0.0,0.0,0.0,,0.0
"English, Aidan",0.0,0.0,0.0,0.0,0.0,0.0,0.0,0.0,,0.0,0.0,0.0,0.0,0.0,0.0,0.0,0.0,0.0,,0.0
"Eskew, Dylan",0.0,0.0,0.0,0.0,0.0,0.0,0.0,0.0,,0.0,0.0,0.0,0.0,0.0,0.0,0.0,0.0,0.0,,0.0
"Falco, David",0.5,0.0,0.5,0.0,0.5,0.0,0.0,0.0,,0.0,95.67147613762486,0.0,99.69478357380687,0.0,99.87513873473918,0.0,0.0,0.0,,0.0
"Farnelli, MIchael",0.0,0.0,0.0,0.0,0.0,0.0,0.0,0.0,,0.0,0.0,0.0,0.0,0.0,0.0,0.0,0.0,0.0,,0.0
"Fauci, Sonny",0.0,0.0,0.0,0.0,0.0,0.0,0.0,0.0,,0.0,0.0,0.0,0.0,0.0,0.0,0.0,0.0,0.0,,0.0
"Feczko, Ryan",0.0,0.0,0.0,0.0,0.0,0.0,0.0,0.0,,0.0,0.0,0.0,0.0,0.0,0.0,0.0,0.0,0.0,,0.0
"Feikes, Jared",0.0,0.0,0.0,0.0,0.0,0.0,0.0,0.0,,0.0,0.0,0.0,0.0,0.0,0.0,0.0,0.0,0.0,,0.0
"Fekete, Sean",0.0,0.0,0.0,0.0,0.0,0.0,0.0,0.0,,0.0,0.0,0.0,0.0,0.0,0.0,0.0,0.0,0.0,,0.0
"Feliciano, kelvin",0.0,0.0,0.0,0.0,0.0,0.0,0.0,0.0,,0.0,0.0,0.0,0.0,0.0,0.0,0.0,0.0,0.0,,0.0
"Ferguson, Garrett",0.0,0.0,0.0,0.0,0.0,0.0,0.0,0.0,,0.0,0.0,0.0,0.0,0.0,0.0,0.0,0.0,0.0,,0.0
"Fierro, Andrew",1.0,0.0,1.0,0.0,1.0,0.0,0.0,0.0,,0.0,99.94450610432852,0.0,99.98612652608213,0.0,99.98612652608213,0.0,0.0,0.0,,0.0
"Fisher, Brenton",0.0,0.0,0.0,0.0,0.0,0.0,0.0,0.0,,0.0,0.0,0.0,0.0,0.0,0.0,0.0,0.0,0.0,,0.0
"Fladda, Luc",0.0,0.0,0.0,0.0,0.0,0.0,0.0,0.0,,1.0,0.0,0.0,0.0,0.0,0.0,0.0,0.0,0.0,,99.9583795782464
"Flannery, Boston",0.0,0.0,0.0,0.0,0.0,0.0,0.0,0.0,,0.0,0.0,0.0,0.0,0.0,0.0,0.0,0.0,0.0,,0.0
"Flood, Alex",0.0,0.0,0.0,0.0,0.0,0.0,0.0,0.0,,0.0,0.0,0.0,0.0,0.0,0.0,0.0,0.0,0.0,,0.0
"Flora, Jackson",0.0,0.0,0.0,0.0,0.0,0.0,0.0,0.0,,0.0,0.0,0.0,0.0,0.0,0.0,0.0,0.0,0.0,,0.0
"Flowers, Ben Riley",0.0,0.0,0.0,0.0,0.0,0.0,0.0,0.0,,0.0,0.0,0.0,0.0,0.0,0.0,0.0,0.0,0.0,,0.0
"Floyd, Conner",0.0,0.0,0.0,0.0,0.0,0.0,0.0,0.0,,0.0,0.0,0.0,0.0,0.0,0.0,0.0,0.0,0.0,,0.0
"Fluno, Carson",0.0,0.0,0.0,0.0,0.0,0.0,0.0,0.0,,0.0,0.0,0.0,0.0,0.0,0.0,0.0,0.0,0.0,,0.0
"Flynn, Bennett",0.0,0.0,0.0,0.0,0.0,0.0,0.0,0.0,,0.0,0.0,0.0,0.0,0.0,0.0,0.0,0.0,0.0,,0.0
"Foley, Connor",0.0,0.0,0.0,0.0,0.0,0.0,0.0,0.0,,0.0,0.0,0.0,0.0,0.0,0.0,0.0,0.0,0.0,,0.0
"Folkins, Jack",0.0,0.0,0.0,0.0,0.0,0.0,0.0,0.0,,0.0,0.0,0.0,0.0,0.0,0.0,0.0,0.0,0.0,,0.0
"Forsyth, Braden",0.5,0.0,0.5,0.0,0.5,0.0,0.0,0.0,,0.0,95.67147613762486,0.0,99.69478357380687,0.0,99.87513873473918,0.0,0.0,0.0,,0.0
"Fortes, Michael",0.0,0.0,0.0,0.0,0.0,0.0,0.0,0.0,,0.0,0.0,0.0,0.0,0.0,0.0,0.0,0.0,0.0,,0.0
"Fox, Rory",0.0,0.0,0.0,0.0,0.0,0.0,0.0,0.0,,0.0,0.0,0.0,0.0,0.0,0.0,0.0,0.0,0.0,,0.0
"Frank, Koty",0.0,0.0,0.0,0.0,0.0,0.0,0.0,0.0,,0.0,0.0,0.0,0.0,0.0,0.0,0.0,0.0,0.0,,0.0
"Frausto, Andrew",0.0,0.0,0.0,0.0,0.0,0.0,0.0,0.0,,0.0,0.0,0.0,0.0,0.0,0.0,0.0,0.0,0.0,,0.0
"Fredericks, Joseph",0.0,0.0,0.0,0.0,0.0,0.0,0.0,0.0,,0.0,0.0,0.0,0.0,0.0,0.0,0.0,0.0,0.0,,0.0
"Futrell, Devin",1.0,0.0,1.0,0.0,1.0,0.0,0.0,0.0,,0.0,99.94450610432852,0.0,99.98612652608213,0.0,99.98612652608213,0.0,0.0,0.0,,0.0
"Gaeckle, Gabe",0.0,0.0,0.0,0.0,0.0,0.0,0.0,0.0,,0.0,0.0,0.0,0.0,0.0,0.0,0.0,0.0,0.0,,0.0
"Gailey, Lawson",0.0,0.0,0.0,0.0,0.0,0.0,0.0,0.0,,0.0,0.0,0.0,0.0,0.0,0.0,0.0,0.0,0.0,,0.0
"Gainey, Garrett",1.0,0.0,1.0,0.0,1.0,0.0,0.0,0.0,,0.0,99.94450610432852,0.0,99.98612652608213,0.0,99.98612652608213,0.0,0.0,0.0,,0.0
"Galdoni, Lukas",0.0,0.0,0.0,0.0,0.0,0.0,0.0,0.0,,0.0,0.0,0.0,0.0,0.0,0.0,0.0,0.0,0.0,,0.0
"Gallagher, Ryan",0.0,0.0,0.0,0.0,0.0,0.0,0.0,0.0,,0.0,0.0,0.0,0.0,0.0,0.0,0.0,0.0,0.0,,0.0
"Gamboa, Marcos",0.0,1.0,0.0,0.0,0.0,0.0,0.0,0.0,,0.0,0.0,99.87513873473918,0.0,0.0,0.0,0.0,0.0,0.0,,0.0
"Garcia, Brett",1.0,0.0,1.0,0.0,1.0,0.0,0.0,0.0,,0.0,99.94450610432852,0.0,99.98612652608213,0.0,99.98612652608213,0.0,0.0,0.0,,0.0
"Garofalo, Luke",0.0,0.0,0.0,0.0,0.0,0.0,0.0,0.0,,1.0,0.0,0.0,0.0,0.0,0.0,0.0,0.0,0.0,,99.9583795782464
"Gastman, Brett",0.0,1.0,0.0,0.0,0.0,0.0,0.0,0.0,,1.0,0.0,99.87513873473918,0.0,0.0,0.0,0.0,0.0,0.0,,99.9583795782464
"Gemma, Michael",0.0,0.0,0.0,0.0,0.0,0.0,0.0,0.0,,0.0,0.0,0.0,0.0,0.0,0.0,0.0,0.0,0.0,,0.0
"Geraghty, Ryan",0.0,0.0,0.0,0.0,0.0,0.0,0.0,0.0,,0.0,0.0,0.0,0.0,0.0,0.0,0.0,0.0,0.0,,0.0
"Ginther, Ryan",0.0,0.0,0.0,0.0,0.0,0.0,0.0,0.0,,0.0,0.0,0.0,0.0,0.0,0.0,0.0,0.0,0.0,,0.0
"Girardi, Will",0.0,0.0,0.0,0.0,0.0,0.0,0.0,0.0,,0.0,0.0,0.0,0.0,0.0,0.0,0.0,0.0,0.0,,0.0
"Girton, Brendan",0.5,0.0,0.5,0.0,0.5,0.0,0.0,0.0,,0.0,95.67147613762486,0.0,99.69478357380687,0.0,99.87513873473918,0.0,0.0,0.0,,0.0
"Goldberg, Will",0.0,0.0,0.0,0.0,0.0,0.0,0.0,0.0,,0.0,0.0,0.0,0.0,0.0,0.0,0.0,0.0,0.0,,0.0
"Golden, Chase",0.0,0.0,0.0,0.0,0.0,0.0,0.0,0.0,,0.0,0.0,0.0,0.0,0.0,0.0,0.0,0.0,0.0,,0.0
"Gonzalez, Jaime",0.0,0.0,0.0,0.0,0.0,0.0,0.0,0.0,,0.0,0.0,0.0,0.0,0.0,0.0,0.0,0.0,0.0,,0.0
"Good, Ty",0.0,0.0,0.0,0.0,0.0,0.0,0.0,0.0,,0.0,0.0,0.0,0.0,0.0,0.0,0.0,0.0,0.0,,0.0
"Gordon, Christian",0.3333333333333333,0.0,0.3333333333333333,0.0,0.3333333333333333,0.0,0.0,0.0,,0.0,30.382907880133185,0.0,98.58490566037736,0.0,98.72364039955605,0.0,0.0,0.0,,0.0
"Gozstola, Miles",0.0,0.0,0.0,0.0,0.0,0.0,0.0,0.0,,0.0,0.0,0.0,0.0,0.0,0.0,0.0,0.0,0.0,,0.0
"Graham, Payton",0.0,0.0,0.0,0.0,0.0,0.0,0.0,0.0,,0.0,0.0,0.0,0.0,0.0,0.0,0.0,0.0,0.0,,0.0
"Granack, Jack",0.0,0.0,0.0,0.0,0.0,0.0,0.0,0.0,,0.0,0.0,0.0,0.0,0.0,0.0,0.0,0.0,0.0,,0.0
"Gravel, Alexis",0.0,1.0,0.0,0.0,0.0,0.0,0.0,0.0,,0.0,0.0,99.87513873473918,0.0,0.0,0.0,0.0,0.0,0.0,,0.0
"Graverson, Cole",0.0,0.0,0.0,0.0,0.0,0.0,0.0,0.0,,0.0,0.0,0.0,0.0,0.0,0.0,0.0,0.0,0.0,,0.0
"Green, Bryan",0.0,0.0,0.0,0.0,0.0,0.0,0.0,0.0,,0.0,0.0,0.0,0.0,0.0,0.0,0.0,0.0,0.0,,0.0
"Greenan, Jacob",0.0,0.0,0.0,0.0,0.0,0.0,0.0,0.0,,0.0,0.0,0.0,0.0,0.0,0.0,0.0,0.0,0.0,,0.0
"Grinsell, Grayson",0.0,1.0,0.0,0.0,0.0,0.0,0.0,0.0,,0.0,0.0,99.87513873473918,0.0,0.0,0.0,0.0,0.0,0.0,,0.0
"Guentz, Braden",0.0,0.0,0.0,0.0,0.0,0.0,0.0,0.0,,0.0,0.0,0.0,0.0,0.0,0.0,0.0,0.0,0.0,,0.0
"Guisewite, Caleb",0.0,1.0,0.0,0.0,0.0,0.0,0.0,0.0,,0.0,0.0,99.87513873473918,0.0,0.0,0.0,0.0,0.0,0.0,,0.0
"Gunther, Joshua",0.5,0.0,0.5,0.3333333333333333,0.16666666666666666,0.3333333333333333,0.0,0.3333333333333333,,0.0,95.67147613762486,0.0,99.69478357380687,96.40677025527192,40.92674805771365,99.70865704772474,0.0,99.83351831298557,,0.0
"Hackmann, Joe",0.0,0.0,0.0,0.0,0.0,0.0,0.0,0.0,,0.0,0.0,0.0,0.0,0.0,0.0,0.0,0.0,0.0,,0.0
"Hagaman, David",0.25,0.0,0.25,0.0,0.25,0.0,0.0,0.0,,0.0,10.61320754716981,0.0,92.91065482796893,0.0,93.81243063263041,0.0,0.0,0.0,,0.0
"Hail, Patrick",0.0,1.0,0.0,0.0,0.0,0.0,0.0,0.0,,0.0,0.0,99.87513873473918,0.0,0.0,0.0,0.0,0.0,0.0,,0.0
"Hall, Jakob",1.0,1.0,0.0,0.0,1.0,0.0,0.0,0.0,,0.0,99.94450610432852,99.87513873473918,0.0,0.0,99.98612652608213,0.0,0.0,0.0,,0.0
"Hall, Regan",0.0,0.0,0.0,0.0,0.0,0.0,0.0,0.0,,0.0,0.0,0.0,0.0,0.0,0.0,0.0,0.0,0.0,,0.0
"Hamill, Ethan",0.3875,0.35,0.125,0.2,0.1875,0.05,0.025,0.025,0.44981008674214384,0.0625,55.743618201997776,41.77302996670366,18.38235294117647,49.62541620421754,64.85849056603774,16.578801331853494,35.14150943396226,16.9811320754717,41.05415162454874,44.29800221975583
"Hamilton, Tyler",0.0,0.0,0.0,0.0,0.0,0.0,0.0,0.0,,0.0,0.0,0.0,0.0,0.0,0.0,0.0,0.0,0.0,,0.0
"Hammond, Daniel",1.0,0.0,1.0,0.0,1.0,0.0,0.0,0.0,,0.0,99.94450610432852,0.0,99.98612652608213,0.0,99.98612652608213,0.0,0.0,0.0,,0.0
"Hansell, Michael",1.0,0.0,1.0,0.0,1.0,0.0,0.0,0.0,,0.0,99.94450610432852,0.0,99.98612652608213,0.0,99.98612652608213,0.0,0.0,0.0,,0.0
"Hansen, Benjamin",0.0,0.0,0.0,0.0,0.0,0.0,0.0,0.0,,0.0,0.0,0.0,0.0,0.0,0.0,0.0,0.0,0.0,,0.0
"Hansmann, Max",0.0,0.0,0.0,0.0,0.0,0.0,0.0,0.0,,0.0,0.0,0.0,0.0,0.0,0.0,0.0,0.0,0.0,,0.0
"Hargett, Hunter",0.0,0.0,0.0,0.0,0.0,0.0,0.0,0.0,,0.0,0.0,0.0,0.0,0.0,0.0,0.0,0.0,0.0,,0.0
"Harmon, Evan",1.0,0.0,1.0,0.0,1.0,0.0,0.0,0.0,,0.0,99.94450610432852,0.0,99.98612652608213,0.0,99.98612652608213,0.0,0.0,0.0,,0.0
"Harris, Everette",0.0,0.0,0.0,0.0,0.0,0.0,0.0,0.0,,0.0,0.0,0.0,0.0,0.0,0.0,0.0,0.0,0.0,,0.0
"Harrison, Charles",0.0,0.0,0.0,0.0,0.0,0.0,0.0,0.0,,0.0,0.0,0.0,0.0,0.0,0.0,0.0,0.0,0.0,,0.0
"Harrison, Luke",0.0,0.0,0.0,0.0,0.0,0.0,0.0,0.0,,0.0,0.0,0.0,0.0,0.0,0.0,0.0,0.0,0.0,,0.0
"Hart, Hudson",0.0,0.0,0.0,0.0,0.0,0.0,0.0,0.0,,0.0,0.0,0.0,0.0,0.0,0.0,0.0,0.0,0.0,,0.0
"Hart, Zach",0.0,0.0,0.0,0.0,0.0,0.0,0.0,0.0,,0.0,0.0,0.0,0.0,0.0,0.0,0.0,0.0,0.0,,0.0
"Hartle, Josh",0.0,0.0,0.0,0.0,0.0,0.0,0.0,0.0,,0.0,0.0,0.0,0.0,0.0,0.0,0.0,0.0,0.0,,0.0
"Hartley, Wiley",0.0,0.0,0.0,0.0,0.0,0.0,0.0,0.0,,0.0,0.0,0.0,0.0,0.0,0.0,0.0,0.0,0.0,,0.0
"Heiberger, Matthew",0.0,0.0,0.0,0.0,0.0,0.0,0.0,0.0,,0.0,0.0,0.0,0.0,0.0,0.0,0.0,0.0,0.0,,0.0
"Hellgeth, Bryce",0.0,0.0,0.0,0.0,0.0,0.0,0.0,0.0,,0.0,0.0,0.0,0.0,0.0,0.0,0.0,0.0,0.0,,0.0
"Hemmerling, Nathan",0.5,0.0,0.5,0.5,0.0,0.5,0.0,0.5,,0.0,95.67147613762486,0.0,99.69478357380687,99.7780244173141,0.0,99.97225305216426,0.0,99.97225305216426,,0.0
"Henline, Jaden",0.0,0.0,0.0,0.0,0.0,0.0,0.0,0.0,,0.0,0.0,0.0,0.0,0.0,0.0,0.0,0.0,0.0,,0.0
"Henschel, Justin",0.0,0.0,0.0,0.0,0.0,0.0,0.0,0.0,,0.0,0.0,0.0,0.0,0.0,0.0,0.0,0.0,0.0,,0.0
"Hentschel, Cole",0.0,0.0,0.0,0.0,0.0,0.0,0.0,0.0,,0.0,0.0,0.0,0.0,0.0,0.0,0.0,0.0,0.0,,0.0
"Herrell, Chase",0.0,0.0,0.0,0.0,0.0,0.0,0.0,0.0,,0.0,0.0,0.0,0.0,0.0,0.0,0.0,0.0,0.0,,0.0
"Hickmon, Loy",0.0,0.0,0.0,0.0,0.0,0.0,0.0,0.0,,0.0,0.0,0.0,0.0,0.0,0.0,0.0,0.0,0.0,,0.0
"Hitt, James",1.0,0.0,1.0,0.0,1.0,0.0,0.0,0.0,,0.0,99.94450610432852,0.0,99.98612652608213,0.0,99.98612652608213,0.0,0.0,0.0,,0.0
"Hoeymans, Jack",0.6666666666666666,0.0,0.6666666666666666,0.6666666666666666,0.0,0.0,0.0,0.0,,0.0,99.76415094339622,0.0,99.94450610432852,99.97225305216426,0.0,0.0,0.0,0.0,,0.0
"Hogan, Robert",0.0,0.0,0.0,0.0,0.0,0.0,0.0,0.0,,0.0,0.0,0.0,0.0,0.0,0.0,0.0,0.0,0.0,,0.0
"Hogan, Sean",0.0,0.0,0.0,0.0,0.0,0.0,0.0,0.0,,0.0,0.0,0.0,0.0,0.0,0.0,0.0,0.0,0.0,,0.0
"Hogue, Brant",0.0,0.0,0.0,0.0,0.0,0.0,0.0,0.0,,0.0,0.0,0.0,0.0,0.0,0.0,0.0,0.0,0.0,,0.0
"Holcombe, Huxley",0.4,0.3333333333333333,0.2222222222222222,0.2,0.2,0.044444444444444446,0.022222222222222223,0.022222222222222223,0.6606498131408399,0.06666666666666667,61.63984461709212,31.215316315205328,85.46059933407325,49.62541620421754,75.16648168701443,14.012208657047726,30.75749167591565,15.26082130965594,90.8014440433213,50.055493895671475
"Holler, Nathan",0.0,0.0,0.0,0.0,0.0,0.0,0.0,0.0,,0.0,0.0,0.0,0.0,0.0,0.0,0.0,0.0,0.0,,0.0
"Hollis, Nolan",0.0,0.0,0.0,0.0,0.0,0.0,0.0,0.0,,0.0,0.0,0.0,0.0,0.0,0.0,0.0,0.0,0.0,,0.0
"Holloway, Brock",0.0,0.0,0.0,0.0,0.0,0.0,0.0,0.0,,0.0,0.0,0.0,0.0,0.0,0.0,0.0,0.0,0.0,,0.0
"Hooks, Blake",0.0,0.0,0.0,0.0,0.0,0.0,0.0,0.0,,0.0,0.0,0.0,0.0,0.0,0.0,0.0,0.0,0.0,,0.0
"Hoover, Matthew",0.0,0.0,0.0,0.0,0.0,0.0,0.0,0.0,,0.0,0.0,0.0,0.0,0.0,0.0,0.0,0.0,0.0,,0.0
"Howard, Carson",0.0,0.0,0.0,0.0,0.0,0.0,0.0,0.0,,0.0,0.0,0.0,0.0,0.0,0.0,0.0,0.0,0.0,,0.0
"Hsu, Brandon",0.0,1.0,0.0,0.0,0.0,0.0,0.0,0.0,,0.0,0.0,99.87513873473918,0.0,0.0,0.0,0.0,0.0,0.0,,0.0
"Huddlestun, Brady",0.0,0.0,0.0,0.0,0.0,0.0,0.0,0.0,,0.0,0.0,0.0,0.0,0.0,0.0,0.0,0.0,0.0,,0.0
"Humphrey, Billy",0.0,0.0,0.0,0.0,0.0,0.0,0.0,0.0,,0.0,0.0,0.0,0.0,0.0,0.0,0.0,0.0,0.0,,0.0
"Hungate, Chase",0.5,0.0,0.5,0.5,0.0,0.0,0.0,0.0,,0.0,95.67147613762486,0.0,99.69478357380687,99.7780244173141,0.0,0.0,0.0,0.0,,0.0
"Hunter, Russell",0.0,0.0,0.0,0.0,0.0,0.0,0.0,0.0,,0.0,0.0,0.0,0.0,0.0,0.0,0.0,0.0,0.0,,0.0
"Hurd, Thatcher",0.0,0.0,0.0,0.0,0.0,0.0,0.0,0.0,,0.0,0.0,0.0,0.0,0.0,0.0,0.0,0.0,0.0,,0.0
"Hutcheson, AJ",0.0,1.0,0.0,0.0,0.0,0.0,0.0,0.0,,0.0,0.0,99.87513873473918,0.0,0.0,0.0,0.0,0.0,0.0,,0.0
"Hutchinson, Sam",0.2,0.4,0.0,0.0,0.2,0.0,0.0,0.0,0.023765038925583116,0.0,4.273029966703663,74.09822419533852,0.0,0.0,75.16648168701443,0.0,0.0,0.0,1.0108303249097472,0.0
"Hutyra, Parker",0.0,0.0,0.0,0.0,0.0,0.0,0.0,0.0,,0.0,0.0,0.0,0.0,0.0,0.0,0.0,0.0,0.0,,0.0
"Interdonato, Reed",0.0,0.0,0.0,0.0,0.0,0.0,0.0,0.0,,0.0,0.0,0.0,0.0,0.0,0.0,0.0,0.0,0.0,,0.0
"Isaacs, Caleb",0.0,0.0,0.0,0.0,0.0,0.0,0.0,0.0,,0.0,0.0,0.0,0.0,0.0,0.0,0.0,0.0,0.0,,0.0
"Jackson, Kenny",0.0,0.0,0.0,0.0,0.0,0.0,0.0,0.0,,0.0,0.0,0.0,0.0,0.0,0.0,0.0,0.0,0.0,,0.0
"Jakubowski, Jake",0.0,0.0,0.0,0.0,0.0,0.0,0.0,0.0,,0.0,0.0,0.0,0.0,0.0,0.0,0.0,0.0,0.0,,0.0
"Jaun, William",0.42857142857142855,0.07142857142857142,0.35714285714285715,0.42857142857142855,0.0,0.2857142857142857,0.0,0.2857142857142857,0.06860832166871905,0.0,76.70643729189788,0.5271920088790233,99.11209766925639,99.5144284128746,0.0,99.52830188679245,0.0,99.79189789123197,2.252707581227437,0.0
"Jefferis, Jagger",0.0,0.0,0.0,0.0,0.0,0.0,0.0,0.0,,0.0,0.0,0.0,0.0,0.0,0.0,0.0,0.0,0.0,,0.0
"Jeffries, Graham",0.0,1.0,0.0,0.0,0.0,0.0,0.0,0.0,0.021592161102516872,0.0,0.0,99.87513873473918,0.0,0.0,0.0,0.0,0.0,0.0,0.924187725631769,0.0
"Jenkins, Jerrod",0.0,0.0,0.0,0.0,0.0,0.0,0.0,0.0,,0.0,0.0,0.0,0.0,0.0,0.0,0.0,0.0,0.0,,0.0
"Jewett, Luke",0.0,0.0,0.0,0.0,0.0,0.0,0.0,0.0,,0.0,0.0,0.0,0.0,0.0,0.0,0.0,0.0,0.0,,0.0
"Johnson, Brett",1.0,0.0,1.0,0.0,1.0,0.0,0.0,0.0,,0.0,99.94450610432852,0.0,99.98612652608213,0.0,99.98612652608213,0.0,0.0,0.0,,0.0
"Johnson, Cam",0.0,0.0,0.0,0.0,0.0,0.0,0.0,0.0,,0.0,0.0,0.0,0.0,0.0,0.0,0.0,0.0,0.0,,0.0
"Johnson, Hayden",0.0,0.0,0.0,0.0,0.0,0.0,0.0,0.0,,0.0,0.0,0.0,0.0,0.0,0.0,0.0,0.0,0.0,,0.0
"Johnson, Jake",0.0,0.0,0.0,0.0,0.0,0.0,0.0,0.0,,0.0,0.0,0.0,0.0,0.0,0.0,0.0,0.0,0.0,,0.0
"Johnson, Lebarron",0.0,0.0,0.0,0.0,0.0,0.0,0.0,0.0,,0.0,0.0,0.0,0.0,0.0,0.0,0.0,0.0,0.0,,0.0
"Johnson, Ryan",0.0,0.0,0.0,0.0,0.0,0.0,0.0,0.0,,0.0,0.0,0.0,0.0,0.0,0.0,0.0,0.0,0.0,,0.0
"Johnston, Zach",1.0,0.0,1.0,0.0,1.0,0.0,0.0,0.0,,0.0,99.94450610432852,0.0,99.98612652608213,0.0,99.98612652608213,0.0,0.0,0.0,,0.0
"Jones, AJ",0.0,0.0,0.0,0.0,0.0,0.0,0.0,0.0,,0.0,0.0,0.0,0.0,0.0,0.0,0.0,0.0,0.0,,0.0
"Jones, Brady",0.0,1.0,0.0,0.0,0.0,0.0,0.0,0.0,,0.0,0.0,99.87513873473918,0.0,0.0,0.0,0.0,0.0,0.0,,0.0
"Jones, Burrell",0.0,0.0,0.0,0.0,0.0,0.0,0.0,0.0,,0.0,0.0,0.0,0.0,0.0,0.0,0.0,0.0,0.0,,0.0
"Jones, Eli",0.0,0.0,0.0,0.0,0.0,0.0,0.0,0.0,,0.0,0.0,0.0,0.0,0.0,0.0,0.0,0.0,0.0,,0.0
"Jones, Merit",0.0,0.0,0.0,0.0,0.0,0.0,0.0,0.0,,0.0,0.0,0.0,0.0,0.0,0.0,0.0,0.0,0.0,,0.0
"Jones, Tanner",0.0,0.0,0.0,0.0,0.0,0.0,0.0,0.0,,0.0,0.0,0.0,0.0,0.0,0.0,0.0,0.0,0.0,,0.0
"Jones, Will",0.0,0.0,0.0,0.0,0.0,0.0,0.0,0.0,,0.0,0.0,0.0,0.0,0.0,0.0,0.0,0.0,0.0,,0.0
"Jump, Gage",0.0,0.0,0.0,0.0,0.0,0.0,0.0,0.0,,0.0,0.0,0.0,0.0,0.0,0.0,0.0,0.0,0.0,,0.0
"Kaler, Tanner",0.0,0.0,0.0,0.0,0.0,0.0,0.0,0.0,,0.0,0.0,0.0,0.0,0.0,0.0,0.0,0.0,0.0,,0.0
"Kalhorn, Luke",0.0,0.0,0.0,0.0,0.0,0.0,0.0,0.0,,0.0,0.0,0.0,0.0,0.0,0.0,0.0,0.0,0.0,,0.0
"Kalmus, Dylan",0.0,0.0,0.0,0.0,0.0,0.0,0.0,0.0,,0.0,0.0,0.0,0.0,0.0,0.0,0.0,0.0,0.0,,0.0
"Kapraun, Tyler",0.0,0.0,0.0,0.0,0.0,0.0,0.0,0.0,,0.0,0.0,0.0,0.0,0.0,0.0,0.0,0.0,0.0,,0.0
"Karaba, Jake",0.0,0.0,0.0,0.0,0.0,0.0,0.0,0.0,,0.0,0.0,0.0,0.0,0.0,0.0,0.0,0.0,0.0,,0.0
"Keel, Christian",0.0,0.0,0.0,0.0,0.0,0.0,0.0,0.0,,0.0,0.0,0.0,0.0,0.0,0.0,0.0,0.0,0.0,,0.0
"Keller, Kenny",1.0,0.0,1.0,0.0,1.0,0.0,0.0,0.0,,0.0,99.94450610432852,0.0,99.98612652608213,0.0,99.98612652608213,0.0,0.0,0.0,,0.0
"Kelly, Jonathan",0.0,1.0,0.0,0.0,0.0,0.0,0.0,0.0,,0.0,0.0,99.87513873473918,0.0,0.0,0.0,0.0,0.0,0.0,,0.0
"Kelly, Owen",1.0,0.0,1.0,1.0,0.0,0.0,0.0,0.0,,0.0,99.94450610432852,0.0,99.98612652608213,100.0,0.0,0.0,0.0,0.0,,0.0
"Kempler, Caleb",1.0,0.0,1.0,0.0,1.0,0.0,0.0,0.0,,0.0,99.94450610432852,0.0,99.98612652608213,0.0,99.98612652608213,0.0,0.0,0.0,,0.0
"Ketchie, Caleb",0.0,0.0,0.0,0.0,0.0,0.0,0.0,0.0,,0.0,0.0,0.0,0.0,0.0,0.0,0.0,0.0,0.0,,0.0
"Kiakona, Kaena",0.0,0.0,0.0,0.0,0.0,0.0,0.0,0.0,,0.0,0.0,0.0,0.0,0.0,0.0,0.0,0.0,0.0,,0.0
"Kimball, Roman",1.0,0.0,1.0,0.0,1.0,0.0,0.0,0.0,,0.0,99.94450610432852,0.0,99.98612652608213,0.0,99.98612652608213,0.0,0.0,0.0,,0.0
"Kimura, Story",0.4375,0.25,0.375,0.28125,0.15625,0.0,0.0,0.0,0.2536507000480555,0.0625,80.61875693673696,7.3668146503884575,99.22308546059934,88.36015538290788,31.8118756936737,0.0,0.0,0.0,7.263537906137183,44.29800221975583
"Kirtner, Brady",0.0,0.0,0.0,0.0,0.0,0.0,0.0,0.0,,0.0,0.0,0.0,0.0,0.0,0.0,0.0,0.0,0.0,,0.0
"Kitchen, Cole",0.0,0.0,0.0,0.0,0.0,0.0,0.0,0.0,,0.0,0.0,0.0,0.0,0.0,0.0,0.0,0.0,0.0,,0.0
"Klecker, Kole",1.0,0.0,1.0,0.0,1.0,0.0,0.0,0.0,,0.0,99.94450610432852,0.0,99.98612652608213,0.0,99.98612652608213,0.0,0.0,0.0,,0.0
"Klein, Sam",0.0,0.0,0.0,0.0,0.0,0.0,0.0,0.0,,0.0,0.0,0.0,0.0,0.0,0.0,0.0,0.0,0.0,,0.0
"Kling, Corey",0.0,0.0,0.0,0.0,0.0,0.0,0.0,0.0,,0.0,0.0,0.0,0.0,0.0,0.0,0.0,0.0,0.0,,0.0
"Knapschaefer, Tim",0.0,0.0,0.0,0.0,0.0,0.0,0.0,0.0,,0.0,0.0,0.0,0.0,0.0,0.0,0.0,0.0,0.0,,0.0
"Konitzer, Bryce",0.0,0.0,0.0,0.0,0.0,0.0,0.0,0.0,,0.0,0.0,0.0,0.0,0.0,0.0,0.0,0.0,0.0,,0.0
"Koonce, Cole",0.0,0.0,0.0,0.0,0.0,0.0,0.0,0.0,,0.0,0.0,0.0,0.0,0.0,0.0,0.0,0.0,0.0,,0.0
"Kopetski, Josh",0.0,0.0,0.0,0.0,0.0,0.0,0.0,0.0,,0.0,0.0,0.0,0.0,0.0,0.0,0.0,0.0,0.0,,0.0
"Kottinger, Caedon",0.0,0.0,0.0,0.0,0.0,0.0,0.0,0.0,,0.0,0.0,0.0,0.0,0.0,0.0,0.0,0.0,0.0,,0.0
"Kuehl, Bransen",0.0,0.0,0.0,0.0,0.0,0.0,0.0,0.0,,0.0,0.0,0.0,0.0,0.0,0.0,0.0,0.0,0.0,,0.0
"Kwasny, Zachary",0.0,0.0,0.0,0.0,0.0,0.0,0.0,0.0,,0.0,0.0,0.0,0.0,0.0,0.0,0.0,0.0,0.0,,0.0
"Laird, Zac",0.0,0.0,0.0,0.0,0.0,0.0,0.0,0.0,,0.0,0.0,0.0,0.0,0.0,0.0,0.0,0.0,0.0,,0.0
"Lamb, Tommy",1.0,0.0,1.0,0.0,1.0,0.0,0.0,0.0,,0.0,99.94450610432852,0.0,99.98612652608213,0.0,99.98612652608213,0.0,0.0,0.0,,0.0
"Lamby, Steven",0.0,0.0,0.0,0.0,0.0,0.0,0.0,0.0,,0.0,0.0,0.0,0.0,0.0,0.0,0.0,0.0,0.0,,0.0
"Lamkin, Justin",0.0,0.0,0.0,0.0,0.0,0.0,0.0,0.0,,0.0,0.0,0.0,0.0,0.0,0.0,0.0,0.0,0.0,,0.0
"Langhorne, Miles",0.0,0.0,0.0,0.0,0.0,0.0,0.0,0.0,,0.0,0.0,0.0,0.0,0.0,0.0,0.0,0.0,0.0,,0.0
"Lanthier, Ethan",0.0,0.0,0.0,0.0,0.0,0.0,0.0,0.0,,0.0,0.0,0.0,0.0,0.0,0.0,0.0,0.0,0.0,,0.0
"Lawson, Ian",0.0,0.0,0.0,0.0,0.0,0.0,0.0,0.0,,0.0,0.0,0.0,0.0,0.0,0.0,0.0,0.0,0.0,,0.0
"Leach, Drew",0.0,0.0,0.0,0.0,0.0,0.0,0.0,0.0,,0.0,0.0,0.0,0.0,0.0,0.0,0.0,0.0,0.0,,0.0
"Leary, Jack",0.0,0.0,0.0,0.0,0.0,0.0,0.0,0.0,,0.0,0.0,0.0,0.0,0.0,0.0,0.0,0.0,0.0,,0.0
"Ledwell, Parks",0.0,0.0,0.0,0.0,0.0,0.0,0.0,0.0,,0.0,0.0,0.0,0.0,0.0,0.0,0.0,0.0,0.0,,0.0
"Lee, David",1.0,0.0,1.0,0.0,1.0,0.0,0.0,0.0,,0.0,99.94450610432852,0.0,99.98612652608213,0.0,99.98612652608213,0.0,0.0,0.0,,0.0
"Lee, Justin",0.0,0.0,0.0,0.0,0.0,0.0,0.0,0.0,,0.0,0.0,0.0,0.0,0.0,0.0,0.0,0.0,0.0,,0.0
"Leggett, Aiden",0.0,0.0,0.0,0.0,0.0,0.0,0.0,0.0,,0.0,0.0,0.0,0.0,0.0,0.0,0.0,0.0,0.0,,0.0
"Leiter, Cam",0.0,0.0,0.0,0.0,0.0,0.0,0.0,0.0,,0.0,0.0,0.0,0.0,0.0,0.0,0.0,0.0,0.0,,0.0
"Lewis, CJ",0.0,0.0,0.0,0.0,0.0,0.0,0.0,0.0,,0.0,0.0,0.0,0.0,0.0,0.0,0.0,0.0,0.0,,0.0
"Lim, Christian",0.0,0.0,0.0,0.0,0.0,0.0,0.0,0.0,,0.0,0.0,0.0,0.0,0.0,0.0,0.0,0.0,0.0,,0.0
"Limas, Jacob",0.0,0.0,0.0,0.0,0.0,0.0,0.0,0.0,,0.0,0.0,0.0,0.0,0.0,0.0,0.0,0.0,0.0,,0.0
"Linchey, Connor",0.0,0.0,0.0,0.0,0.0,0.0,0.0,0.0,,0.0,0.0,0.0,0.0,0.0,0.0,0.0,0.0,0.0,,0.0
"Lindsey, Michael",0.0,0.0,0.0,0.0,0.0,0.0,0.0,0.0,,0.0,0.0,0.0,0.0,0.0,0.0,0.0,0.0,0.0,,0.0
"Lints, Renn",0.0,0.0,0.0,0.0,0.0,0.0,0.0,0.0,,0.0,0.0,0.0,0.0,0.0,0.0,0.0,0.0,0.0,,0.0
"Lodes, Jett",0.75,0.0,0.75,0.5,0.25,0.25,0.0,0.25,,0.0,99.90288568257492,0.0,99.97225305216426,99.7780244173141,93.81243063263041,99.16759156492786,0.0,99.65316315205327,,0.0
"Logar, Jackson",0.0,0.0,0.0,0.0,0.0,0.0,0.0,0.0,,0.0,0.0,0.0,0.0,0.0,0.0,0.0,0.0,0.0,,0.0
"Logue, Seth",1.0,0.0,1.0,0.0,1.0,0.0,0.0,0.0,,0.0,99.94450610432852,0.0,99.98612652608213,0.0,99.98612652608213,0.0,0.0,0.0,,0.0
"Lombardi, Michael",0.0,0.0,0.0,0.0,0.0,0.0,0.0,0.0,,0.0,0.0,0.0,0.0,0.0,0.0,0.0,0.0,0.0,,0.0
"Looper, Landen",0.0,0.0,0.0,0.0,0.0,0.0,0.0,0.0,,0.0,0.0,0.0,0.0,0.0,0.0,0.0,0.0,0.0,,0.0
"Lopez, Javier",0.0,0.0,0.0,0.0,0.0,0.0,0.0,0.0,,0.0,0.0,0.0,0.0,0.0,0.0,0.0,0.0,0.0,,0.0
"Lore, Carson",0.0,0.0,0.0,0.0,0.0,0.0,0.0,0.0,,0.0,0.0,0.0,0.0,0.0,0.0,0.0,0.0,0.0,,0.0
"Louthan, Ethan",0.0,0.0,0.0,0.0,0.0,0.0,0.0,0.0,,0.0,0.0,0.0,0.0,0.0,0.0,0.0,0.0,0.0,,0.0
"Love, Nathan",0.0,0.0,0.0,0.0,0.0,0.0,0.0,0.0,,0.0,0.0,0.0,0.0,0.0,0.0,0.0,0.0,0.0,,0.0
"Love, Nick",0.0,0.0,0.0,0.0,0.0,0.0,0.0,0.0,,0.0,0.0,0.0,0.0,0.0,0.0,0.0,0.0,0.0,,0.0
"Mabee, Cameron",0.0,0.0,0.0,0.0,0.0,0.0,0.0,0.0,,1.0,0.0,0.0,0.0,0.0,0.0,0.0,0.0,0.0,,99.9583795782464
"MacLeod, Hunter",0.0,0.0,0.0,0.0,0.0,0.0,0.0,0.0,,0.0,0.0,0.0,0.0,0.0,0.0,0.0,0.0,0.0,,0.0
"Maddox, Riley",0.0,0.0,0.0,0.0,0.0,0.0,0.0,0.0,,0.0,0.0,0.0,0.0,0.0,0.0,0.0,0.0,0.0,,0.0
"Madonna, Dominick",0.0,0.0,0.0,0.0,0.0,0.0,0.0,0.0,,0.0,0.0,0.0,0.0,0.0,0.0,0.0,0.0,0.0,,0.0
"Madrigal, Brandon",0.5294117647058824,0.47058823529411764,0.22058823529411764,0.27941176470588236,0.25,0.11764705882352941,0.058823529411764705,0.058823529411764705,0.22780028286656112,0.11764705882352941,98.19644839067703,95.1165371809101,84.85016648168701,87.87458379578247,93.81243063263041,75.66592674805771,86.45948945615982,55.549389567147614,6.252707581227438,92.52219755826859
"Major, Aidan",1.0,0.0,1.0,1.0,0.0,1.0,0.0,1.0,,0.0,99.94450610432852,0.0,99.98612652608213,100.0,0.0,100.0,0.0,100.0,,0.0
"Mallitz, Josh",0.0,0.0,0.0,0.0,0.0,0.0,0.0,0.0,,0.0,0.0,0.0,0.0,0.0,0.0,0.0,0.0,0.0,,0.0
"Manase, Seti",0.0,0.0,0.0,0.0,0.0,0.0,0.0,0.0,,0.0,0.0,0.0,0.0,0.0,0.0,0.0,0.0,0.0,,0.0
"Manning, Hunter",1.0,1.0,0.0,1.0,0.0,0.0,0.0,0.0,,0.0,99.94450610432852,99.87513873473918,0.0,100.0,0.0,0.0,0.0,0.0,,0.0
"Markl, Connor",0.0,0.0,0.0,0.0,0.0,0.0,0.0,0.0,,0.0,0.0,0.0,0.0,0.0,0.0,0.0,0.0,0.0,,0.0
"Marks, Brayden",0.0,0.0,0.0,0.0,0.0,0.0,0.0,0.0,,0.0,0.0,0.0,0.0,0.0,0.0,0.0,0.0,0.0,,0.0
"Marquez Ciavaldini, Carlos Samuel",0.0,0.0,0.0,0.0,0.0,0.0,0.0,0.0,,0.0,0.0,0.0,0.0,0.0,0.0,0.0,0.0,0.0,,0.0
"Marsh, Chandler",0.0,0.0,0.0,0.0,0.0,0.0,0.0,0.0,,0.0,0.0,0.0,0.0,0.0,0.0,0.0,0.0,0.0,,0.0
"Marshall, Jonah",0.0,0.0,0.0,0.0,0.0,0.0,0.0,0.0,,0.0,0.0,0.0,0.0,0.0,0.0,0.0,0.0,0.0,,0.0
"Martinez, Izaak",0.0,0.0,0.0,0.0,0.0,0.0,0.0,0.0,,0.0,0.0,0.0,0.0,0.0,0.0,0.0,0.0,0.0,,0.0
"Martinez, Jack",0.0,0.0,0.0,0.0,0.0,0.0,0.0,0.0,,0.0,0.0,0.0,0.0,0.0,0.0,0.0,0.0,0.0,,0.0
"Martinez, Jonathan",0.0,0.0,0.0,0.0,0.0,0.0,0.0,0.0,,0.0,0.0,0.0,0.0,0.0,0.0,0.0,0.0,0.0,,0.0
"Martinez, Victor",0.0,0.0,0.0,0.0,0.0,0.0,0.0,0.0,,0.0,0.0,0.0,0.0,0.0,0.0,0.0,0.0,0.0,,0.0
"Martinez, Xavier",0.0,0.0,0.0,0.0,0.0,0.0,0.0,0.0,,0.0,0.0,0.0,0.0,0.0,0.0,0.0,0.0,0.0,,0.0
"Matthijs, Matthew",0.0,0.0,0.0,0.0,0.0,0.0,0.0,0.0,,0.0,0.0,0.0,0.0,0.0,0.0,0.0,0.0,0.0,,0.0
"Maxey, Zach",0.0,0.0,0.0,0.0,0.0,0.0,0.0,0.0,,0.0,0.0,0.0,0.0,0.0,0.0,0.0,0.0,0.0,,0.0
"May, Ian",0.0,0.0,0.0,0.0,0.0,0.0,0.0,0.0,,0.0,0.0,0.0,0.0,0.0,0.0,0.0,0.0,0.0,,0.0
"Mazza, Joe",0.5,0.0,0.5,0.0,0.5,0.0,0.0,0.0,,0.0,95.67147613762486,0.0,99.69478357380687,0.0,99.87513873473918,0.0,0.0,0.0,,0.0
"McAdams, Reilly",0.0,0.0,0.0,0.0,0.0,0.0,0.0,0.0,,0.0,0.0,0.0,0.0,0.0,0.0,0.0,0.0,0.0,,0.0
"McCleve, Zac",0.0,0.0,0.0,0.0,0.0,0.0,0.0,0.0,,0.0,0.0,0.0,0.0,0.0,0.0,0.0,0.0,0.0,,0.0
"McCloud, Corbin",1.0,0.0,1.0,0.0,1.0,0.0,0.0,0.0,,0.0,99.94450610432852,0.0,99.98612652608213,0.0,99.98612652608213,0.0,0.0,0.0,,0.0
"McCreery, Connor",0.0,0.0,0.0,0.0,0.0,0.0,0.0,0.0,,0.0,0.0,0.0,0.0,0.0,0.0,0.0,0.0,0.0,,0.0
"McDowell, Jake",0.0,0.0,0.0,0.0,0.0,0.0,0.0,0.0,,0.0,0.0,0.0,0.0,0.0,0.0,0.0,0.0,0.0,,0.0
"McEvoy, Aidan",0.0,0.0,0.0,0.0,0.0,0.0,0.0,0.0,,0.0,0.0,0.0,0.0,0.0,0.0,0.0,0.0,0.0,,0.0
"McGarrh, Cade",1.0,0.0,1.0,1.0,0.0,1.0,0.0,1.0,,0.0,99.94450610432852,0.0,99.98612652608213,100.0,0.0,100.0,0.0,100.0,,0.0
"McGovern, Jacob",0.0,0.0,0.0,0.0,0.0,0.0,0.0,0.0,,0.0,0.0,0.0,0.0,0.0,0.0,0.0,0.0,0.0,,0.0
"McKinney, Austin",1.0,1.0,0.0,0.0,1.0,0.0,0.0,0.0,,0.0,99.94450610432852,99.87513873473918,0.0,0.0,99.98612652608213,0.0,0.0,0.0,,0.0
"McKinney, Collin",0.0,0.0,0.0,0.0,0.0,0.0,0.0,0.0,,0.0,0.0,0.0,0.0,0.0,0.0,0.0,0.0,0.0,,0.0
"McLaughlin, Ryan",0.0,0.0,0.0,0.0,0.0,0.0,0.0,0.0,,0.0,0.0,0.0,0.0,0.0,0.0,0.0,0.0,0.0,,0.0
"Mendoza, Edward",0.0,0.0,0.0,0.0,0.0,0.0,0.0,0.0,,0.0,0.0,0.0,0.0,0.0,0.0,0.0,0.0,0.0,,0.0
"Mercado, Logan",0.0,0.0,0.0,0.0,0.0,0.0,0.0,0.0,,0.0,0.0,0.0,0.0,0.0,0.0,0.0,0.0,0.0,,0.0
"Metz, Reed",0.0,0.0,0.0,0.0,0.0,0.0,0.0,0.0,,0.0,0.0,0.0,0.0,0.0,0.0,0.0,0.0,0.0,,0.0
"Meyers, Paxton",0.5,0.0,0.5,0.5,0.0,0.5,0.0,0.5,,0.0,95.67147613762486,0.0,99.69478357380687,99.7780244173141,0.0,99.97225305216426,0.0,99.97225305216426,,0.0
"Miketinac, Nick",0.0,0.0,0.0,0.0,0.0,0.0,0.0,0.0,,0.0,0.0,0.0,0.0,0.0,0.0,0.0,0.0,0.0,,0.0
"Miller, Gavin",1.0,0.0,1.0,1.0,0.0,0.0,0.0,0.0,,0.0,99.94450610432852,0.0,99.98612652608213,100.0,0.0,0.0,0.0,0.0,,0.0
"Mills, Austin",0.0,0.0,0.0,0.0,0.0,0.0,0.0,0.0,,0.0,0.0,0.0,0.0,0.0,0.0,0.0,0.0,0.0,,0.0
"Miner, Jace",0.0,0.0,0.0,0.0,0.0,0.0,0.0,0.0,,0.0,0.0,0.0,0.0,0.0,0.0,0.0,0.0,0.0,,0.0
"Mishoulam, Aaron",0.0,0.0,0.0,0.0,0.0,0.0,0.0,0.0,,0.0,0.0,0.0,0.0,0.0,0.0,0.0,0.0,0.0,,0.0
"Molina, Mason",0.0,0.0,0.0,0.0,0.0,0.0,0.0,0.0,,0.0,0.0,0.0,0.0,0.0,0.0,0.0,0.0,0.0,,0.0
"Molsky, Tommy",0.3333333333333333,0.0,0.3333333333333333,0.0,0.3333333333333333,0.0,0.0,0.0,,0.0,30.382907880133185,0.0,98.58490566037736,0.0,98.72364039955605,0.0,0.0,0.0,,0.0
"Montgomery, Cade",0.0,0.0,0.0,0.0,0.0,0.0,0.0,0.0,,0.0,0.0,0.0,0.0,0.0,0.0,0.0,0.0,0.0,,0.0
"Montgomery, Kellan",0.5,0.0,0.5,0.0,0.5,0.0,0.0,0.0,,0.0,95.67147613762486,0.0,99.69478357380687,0.0,99.87513873473918,0.0,0.0,0.0,,0.0
"Montiel, Tayler",0.0,0.0,0.0,0.0,0.0,0.0,0.0,0.0,,0.0,0.0,0.0,0.0,0.0,0.0,0.0,0.0,0.0,,0.0
"Moore, Leif",0.0,0.0,0.0,0.0,0.0,0.0,0.0,0.0,,0.0,0.0,0.0,0.0,0.0,0.0,0.0,0.0,0.0,,0.0
"Moore, Mason",0.0,0.0,0.0,0.0,0.0,0.0,0.0,0.0,,0.0,0.0,0.0,0.0,0.0,0.0,0.0,0.0,0.0,,0.0
"Moore, Max",1.0,0.0,1.0,1.0,0.0,1.0,0.0,1.0,,0.0,99.94450610432852,0.0,99.98612652608213,100.0,0.0,100.0,0.0,100.0,,0.0
"Moore, Trevor",0.2,0.0,0.2,0.0,0.2,0.0,0.0,0.0,,0.0,4.273029966703663,0.0,72.53052164261932,0.0,75.16648168701443,0.0,0.0,0.0,,0.0
"Morales, Jordan",0.0,0.0,0.0,0.0,0.0,0.0,0.0,0.0,,0.0,0.0,0.0,0.0,0.0,0.0,0.0,0.0,0.0,,0.0
"Morin, Alistair",0.0,0.0,0.0,0.0,0.0,0.0,0.0,0.0,,0.0,0.0,0.0,0.0,0.0,0.0,0.0,0.0,0.0,,0.0
"Moring, Reed",0.0,0.0,0.0,0.0,0.0,0.0,0.0,0.0,,0.0,0.0,0.0,0.0,0.0,0.0,0.0,0.0,0.0,,0.0
"Morningstar, Blake",0.25,0.0,0.25,0.25,0.0,0.25,0.0,0.25,,0.0,10.61320754716981,0.0,92.91065482796893,76.165371809101,0.0,99.16759156492786,0.0,99.65316315205327,,0.0
"Morr, Nolan",0.0,0.0,0.0,0.0,0.0,0.0,0.0,0.0,,0.0,0.0,0.0,0.0,0.0,0.0,0.0,0.0,0.0,,0.0
"Morris, Mason",0.0,0.0,0.0,0.0,0.0,0.0,0.0,0.0,,0.0,0.0,0.0,0.0,0.0,0.0,0.0,0.0,0.0,,0.0
"Morrow, Kanin",0.0,0.0,0.0,0.0,0.0,0.0,0.0,0.0,,0.0,0.0,0.0,0.0,0.0,0.0,0.0,0.0,0.0,,0.0
"Mortenson, Gavin",0.0,0.0,0.0,0.0,0.0,0.0,0.0,0.0,,0.0,0.0,0.0,0.0,0.0,0.0,0.0,0.0,0.0,,0.0
"Mosiello, Andrew",0.0,0.0,0.0,0.0,0.0,0.0,0.0,0.0,,0.0,0.0,0.0,0.0,0.0,0.0,0.0,0.0,0.0,,0.0
"Mount, Jack",0.0,0.0,0.0,0.0,0.0,0.0,0.0,0.0,,0.0,0.0,0.0,0.0,0.0,0.0,0.0,0.0,0.0,,0.0
"Mozoki, Todd",0.0,0.0,0.0,0.0,0.0,0.0,0.0,0.0,,0.0,0.0,0.0,0.0,0.0,0.0,0.0,0.0,0.0,,0.0
"Mueller, Matthew",0.5,0.0,0.5,0.0,0.5,0.0,0.0,0.0,,0.0,95.67147613762486,0.0,99.69478357380687,0.0,99.87513873473918,0.0,0.0,0.0,,0.0
"Mulamekic, Arnad",0.0,0.0,0.0,0.0,0.0,0.0,0.0,0.0,,0.0,0.0,0.0,0.0,0.0,0.0,0.0,0.0,0.0,,0.0
"Nation, Connor",0.0,1.0,0.0,0.0,0.0,0.0,0.0,0.0,,1.0,0.0,99.87513873473918,0.0,0.0,0.0,0.0,0.0,0.0,,99.9583795782464
"Neff, Jeremy",0.0,0.0,0.0,0.0,0.0,0.0,0.0,0.0,,0.0,0.0,0.0,0.0,0.0,0.0,0.0,0.0,0.0,,0.0
"Nelson, Matt",1.0,0.0,1.0,0.0,1.0,0.0,0.0,0.0,,0.0,99.94450610432852,0.0,99.98612652608213,0.0,99.98612652608213,0.0,0.0,0.0,,0.0
"New, Cody",0.0,0.0,0.0,0.0,0.0,0.0,0.0,0.0,,0.0,0.0,0.0,0.0,0.0,0.0,0.0,0.0,0.0,,0.0
"Newmann, Trey",0.0,0.0,0.0,0.0,0.0,0.0,0.0,0.0,,0.0,0.0,0.0,0.0,0.0,0.0,0.0,0.0,0.0,,0.0
"Newton, Austin",0.0,0.0,0.0,0.0,0.0,0.0,0.0,0.0,,0.0,0.0,0.0,0.0,0.0,0.0,0.0,0.0,0.0,,0.0
"Nichols, Gunnar",0.0,0.0,0.0,0.0,0.0,0.0,0.0,0.0,,0.0,0.0,0.0,0.0,0.0,0.0,0.0,0.0,0.0,,0.0
"Nichols, Zach",0.0,0.0,0.0,0.0,0.0,0.0,0.0,0.0,,0.0,0.0,0.0,0.0,0.0,0.0,0.0,0.0,0.0,,0.0
"Noah, Caden",0.0,1.0,0.0,0.0,0.0,0.0,0.0,0.0,,0.0,0.0,99.87513873473918,0.0,0.0,0.0,0.0,0.0,0.0,,0.0
"Norris , Zach",0.0,0.0,0.0,0.0,0.0,0.0,0.0,0.0,,0.0,0.0,0.0,0.0,0.0,0.0,0.0,0.0,0.0,,0.0
"Novotny, Tucker",0.0,0.0,0.0,0.0,0.0,0.0,0.0,0.0,,0.0,0.0,0.0,0.0,0.0,0.0,0.0,0.0,0.0,,0.0
"O'Harran, Toran",0.0,0.0,0.0,0.0,0.0,0.0,0.0,0.0,,0.0,0.0,0.0,0.0,0.0,0.0,0.0,0.0,0.0,,0.0
"O'Malley, John",0.0,0.0,0.0,0.0,0.0,0.0,0.0,0.0,,0.0,0.0,0.0,0.0,0.0,0.0,0.0,0.0,0.0,,0.0
"O'Neal, Ethan",0.0,0.0,0.0,0.0,0.0,0.0,0.0,0.0,,0.0,0.0,0.0,0.0,0.0,0.0,0.0,0.0,0.0,,0.0
"Oldham, Billy",0.0,0.0,0.0,0.0,0.0,0.0,0.0,0.0,,0.0,0.0,0.0,0.0,0.0,0.0,0.0,0.0,0.0,,0.0
"Olivera, Brandon",0.0,0.0,0.0,0.0,0.0,0.0,0.0,0.0,,0.0,0.0,0.0,0.0,0.0,0.0,0.0,0.0,0.0,,0.0
"Olson, Luke",0.0,0.0,0.0,0.0,0.0,0.0,0.0,0.0,,0.0,0.0,0.0,0.0,0.0,0.0,0.0,0.0,0.0,,0.0
"Omlid, Hunter",1.0,0.0,1.0,0.0,1.0,0.0,0.0,0.0,,0.0,99.94450610432852,0.0,99.98612652608213,0.0,99.98612652608213,0.0,0.0,0.0,,0.0
"Oshinskie, Ryan",0.6666666666666666,0.0,0.6666666666666666,0.6666666666666666,0.0,0.0,0.0,0.0,,0.0,99.76415094339622,0.0,99.94450610432852,99.97225305216426,0.0,0.0,0.0,0.0,,0.0
"Owens, Brady",0.0,0.0,0.0,0.0,0.0,0.0,0.0,0.0,,0.0,0.0,0.0,0.0,0.0,0.0,0.0,0.0,0.0,,0.0
"Padysak, Daniel",0.0,0.16666666666666666,0.0,0.0,0.0,0.0,0.0,0.0,,0.0,0.0,1.7341842397336291,0.0,0.0,0.0,0.0,0.0,0.0,,0.0
"Pappas, Will",0.0,0.0,0.0,0.0,0.0,0.0,0.0,0.0,,0.0,0.0,0.0,0.0,0.0,0.0,0.0,0.0,0.0,,0.0
"Parker, Ethan",0.0,0.0,0.0,0.0,0.0,0.0,0.0,0.0,,0.0,0.0,0.0,0.0,0.0,0.0,0.0,0.0,0.0,,0.0
"Parker, Kolby",0.0,0.0,0.0,0.0,0.0,0.0,0.0,0.0,,0.0,0.0,0.0,0.0,0.0,0.0,0.0,0.0,0.0,,0.0
"Patten, Dalton",0.8571428571428571,0.0,0.8571428571428571,0.7142857142857143,0.14285714285714285,0.7142857142857143,0.0,0.7142857142857143,,0.0,99.94450610432852,0.0,99.98612652608213,99.98612652608213,20.810210876803552,100.0,0.0,100.0,,0.0
"Patton, Myles",1.0,0.0,1.0,0.0,1.0,0.0,0.0,0.0,,0.0,99.94450610432852,0.0,99.98612652608213,0.0,99.98612652608213,0.0,0.0,0.0,,0.0
"Paulsen Jr., Erik",1.0,0.0,1.0,0.0,1.0,0.0,0.0,0.0,,0.0,99.94450610432852,0.0,99.98612652608213,0.0,99.98612652608213,0.0,0.0,0.0,,0.0
"Paulsen, Fisher",0.0,0.0,0.0,0.0,0.0,0.0,0.0,0.0,,0.0,0.0,0.0,0.0,0.0,0.0,0.0,0.0,0.0,,0.0
"Peguero, Christopher",0.0,0.0,0.0,0.0,0.0,0.0,0.0,0.0,,0.0,0.0,0.0,0.0,0.0,0.0,0.0,0.0,0.0,,0.0
"Pelfrey, Joshua",0.0,0.0,0.0,0.0,0.0,0.0,0.0,0.0,,0.0,0.0,0.0,0.0,0.0,0.0,0.0,0.0,0.0,,0.0
"Pender, Nolan",1.0,0.0,1.0,0.0,1.0,0.0,0.0,0.0,,0.0,99.94450610432852,0.0,99.98612652608213,0.0,99.98612652608213,0.0,0.0,0.0,,0.0
"Perez, Andres",0.0,0.0,0.0,0.0,0.0,0.0,0.0,0.0,,0.0,0.0,0.0,0.0,0.0,0.0,0.0,0.0,0.0,,0.0
"Perkins, Mark",0.0,0.0,0.0,0.0,0.0,0.0,0.0,0.0,,0.0,0.0,0.0,0.0,0.0,0.0,0.0,0.0,0.0,,0.0
"Perkins, Sean",0.0,0.0,0.0,0.0,0.0,0.0,0.0,0.0,,0.0,0.0,0.0,0.0,0.0,0.0,0.0,0.0,0.0,,0.0
"Perkowski, Will",0.0,0.0,0.0,0.0,0.0,0.0,0.0,0.0,,0.0,0.0,0.0,0.0,0.0,0.0,0.0,0.0,0.0,,0.0
"Peschl, Cole",0.0,0.0,0.0,0.0,0.0,0.0,0.0,0.0,,0.0,0.0,0.0,0.0,0.0,0.0,0.0,0.0,0.0,,0.0
"Pestka, Drew",0.0,0.0,0.0,0.0,0.0,0.0,0.0,0.0,,0.0,0.0,0.0,0.0,0.0,0.0,0.0,0.0,0.0,,0.0
"Peters, Trey",0.0,0.0,0.0,0.0,0.0,0.0,0.0,0.0,,0.0,0.0,0.0,0.0,0.0,0.0,0.0,0.0,0.0,,0.0
"Peters, Zachary",0.0,0.0,0.0,0.0,0.0,0.0,0.0,0.0,,0.0,0.0,0.0,0.0,0.0,0.0,0.0,0.0,0.0,,0.0
"Peterson, Ben",0.0,0.0,0.0,0.0,0.0,0.0,0.0,0.0,,0.0,0.0,0.0,0.0,0.0,0.0,0.0,0.0,0.0,,0.0
"Peterson, Liam",0.0,0.0,0.0,0.0,0.0,0.0,0.0,0.0,,0.0,0.0,0.0,0.0,0.0,0.0,0.0,0.0,0.0,,0.0
"Petrowski, Andrew",0.0,0.0,0.0,0.0,0.0,0.0,0.0,0.0,,0.0,0.0,0.0,0.0,0.0,0.0,0.0,0.0,0.0,,0.0
"Pettys, Ryan",0.0,0.0,0.0,0.0,0.0,0.0,0.0,0.0,,0.0,0.0,0.0,0.0,0.0,0.0,0.0,0.0,0.0,,0.0
"Pierson, Brett",0.0,0.0,0.0,0.0,0.0,0.0,0.0,0.0,,0.0,0.0,0.0,0.0,0.0,0.0,0.0,0.0,0.0,,0.0
"Pigeon, Jake",0.0,0.0,0.0,0.0,0.0,0.0,0.0,0.0,,0.0,0.0,0.0,0.0,0.0,0.0,0.0,0.0,0.0,,0.0
"Pikur, Logan",0.0,0.0,0.0,0.0,0.0,0.0,0.0,0.0,,0.0,0.0,0.0,0.0,0.0,0.0,0.0,0.0,0.0,,0.0
"Pillsbury, Eli",0.0,0.0,0.0,0.0,0.0,0.0,0.0,0.0,,0.0,0.0,0.0,0.0,0.0,0.0,0.0,0.0,0.0,,0.0
"Pitzer, Tyler",0.0,0.0,0.0,0.0,0.0,0.0,0.0,0.0,,0.0,0.0,0.0,0.0,0.0,0.0,0.0,0.0,0.0,,0.0
"Planeta, Bo",0.0,0.0,0.0,0.0,0.0,0.0,0.0,0.0,,0.0,0.0,0.0,0.0,0.0,0.0,0.0,0.0,0.0,,0.0
"Plante, Bryson",0.6,0.0,0.6,0.2,0.4,0.2,0.0,0.2,,0.0,99.54217536071032,0.0,99.93063263041066,49.62541620421754,99.72253052164261,97.69700332963373,0.0,99.33407325194229,,0.0
"Plumley, Ben",0.0,0.0,0.0,0.0,0.0,0.0,0.0,0.0,,0.0,0.0,0.0,0.0,0.0,0.0,0.0,0.0,0.0,,0.0
"Plummer, Caden",0.0,0.0,0.0,0.0,0.0,0.0,0.0,0.0,,0.0,0.0,0.0,0.0,0.0,0.0,0.0,0.0,0.0,,0.0
"Poliey, Clayton",0.0,0.0,0.0,0.0,0.0,0.0,0.0,0.0,,0.0,0.0,0.0,0.0,0.0,0.0,0.0,0.0,0.0,,0.0
"Polk, Howell",0.0,0.0,0.0,0.0,0.0,0.0,0.0,0.0,,0.0,0.0,0.0,0.0,0.0,0.0,0.0,0.0,0.0,,0.0
"Polley, Griffin",0.0,0.0,0.0,0.0,0.0,0.0,0.0,0.0,,0.0,0.0,0.0,0.0,0.0,0.0,0.0,0.0,0.0,,0.0
"Polo, Juan",0.0,0.0,0.0,0.0,0.0,0.0,0.0,0.0,,0.0,0.0,0.0,0.0,0.0,0.0,0.0,0.0,0.0,,0.0
"Pooser, Trey",1.0,0.0,1.0,0.0,1.0,0.0,0.0,0.0,,0.0,99.94450610432852,0.0,99.98612652608213,0.0,99.98612652608213,0.0,0.0,0.0,,0.0
"Poris, Justin",0.0,0.0,0.0,0.0,0.0,0.0,0.0,0.0,,0.0,0.0,0.0,0.0,0.0,0.0,0.0,0.0,0.0,,0.0
"Porthan, Brett",0.0,0.0,0.0,0.0,0.0,0.0,0.0,0.0,,0.0,0.0,0.0,0.0,0.0,0.0,0.0,0.0,0.0,,0.0
"Poston, Matt",0.0,0.0,0.0,0.0,0.0,0.0,0.0,0.0,,0.0,0.0,0.0,0.0,0.0,0.0,0.0,0.0,0.0,,0.0
"Potthoff, Anthony",0.0,0.0,0.0,0.0,0.0,0.0,0.0,0.0,,0.0,0.0,0.0,0.0,0.0,0.0,0.0,0.0,0.0,,0.0
"Potthoff, Kyle",0.0,0.5,0.0,0.0,0.0,0.0,0.0,0.0,,0.5,0.0,96.79522752497225,0.0,0.0,0.0,0.0,0.0,0.0,,99.90288568257492
"Prager, Ryan",0.0,0.0,0.0,0.0,0.0,0.0,0.0,0.0,,0.0,0.0,0.0,0.0,0.0,0.0,0.0,0.0,0.0,,0.0
"Pratt, Davis",0.0,0.0,0.0,0.0,0.0,0.0,0.0,0.0,,0.0,0.0,0.0,0.0,0.0,0.0,0.0,0.0,0.0,,0.0
"Pryor, Luke",0.5,0.0,0.5,0.0,0.5,0.0,0.0,0.0,,0.0,95.67147613762486,0.0,99.69478357380687,0.0,99.87513873473918,0.0,0.0,0.0,,0.0
"Purcell, Colin",0.0,0.0,0.0,0.0,0.0,0.0,0.0,0.0,,0.0,0.0,0.0,0.0,0.0,0.0,0.0,0.0,0.0,,0.0
"Queen, Matt",1.0,0.0,1.0,1.0,0.0,1.0,0.0,1.0,,0.0,99.94450610432852,0.0,99.98612652608213,100.0,0.0,100.0,0.0,100.0,,0.0
"Quinn, JT",0.0,0.0,0.0,0.0,0.0,0.0,0.0,0.0,,0.0,0.0,0.0,0.0,0.0,0.0,0.0,0.0,0.0,,0.0
"Ramirez, Max",0.0,0.0,0.0,0.0,0.0,0.0,0.0,0.0,,0.0,0.0,0.0,0.0,0.0,0.0,0.0,0.0,0.0,,0.0
"Randall, Cal",0.0,0.0,0.0,0.0,0.0,0.0,0.0,0.0,,0.0,0.0,0.0,0.0,0.0,0.0,0.0,0.0,0.0,,0.0
"Ray, Will",0.0,0.0,0.0,0.0,0.0,0.0,0.0,0.0,,0.0,0.0,0.0,0.0,0.0,0.0,0.0,0.0,0.0,,0.0
"Reed, Kevin",0.5,0.0,0.5,0.5,0.0,0.0,0.0,0.0,,0.0,95.67147613762486,0.0,99.69478357380687,99.7780244173141,0.0,0.0,0.0,0.0,,0.0
"Reed, Ryan",0.0,0.0,0.0,0.0,0.0,0.0,0.0,0.0,,0.0,0.0,0.0,0.0,0.0,0.0,0.0,0.0,0.0,,0.0
"Reed, Sam",1.0,0.0,1.0,0.0,1.0,0.0,0.0,0.0,,0.0,99.94450610432852,0.0,99.98612652608213,0.0,99.98612652608213,0.0,0.0,0.0,,0.0
"Reimers, Benjamin",0.0,0.0,0.0,0.0,0.0,0.0,0.0,0.0,,0.0,0.0,0.0,0.0,0.0,0.0,0.0,0.0,0.0,,0.0
"Reinburg, Trey",0.0,0.0,0.0,0.0,0.0,0.0,0.0,0.0,,0.0,0.0,0.0,0.0,0.0,0.0,0.0,0.0,0.0,,0.0
"Reinke, Brian",1.0,0.0,1.0,0.0,1.0,0.0,0.0,0.0,,0.0,99.94450610432852,0.0,99.98612652608213,0.0,99.98612652608213,0.0,0.0,0.0,,0.0
"Renaud, Jack",0.0,0.0,0.0,0.0,0.0,0.0,0.0,0.0,,0.0,0.0,0.0,0.0,0.0,0.0,0.0,0.0,0.0,,0.0
"Renfrow, Brett",0.0,0.0,0.0,0.0,0.0,0.0,0.0,0.0,,0.0,0.0,0.0,0.0,0.0,0.0,0.0,0.0,0.0,,0.0
"Reum, Kai",0.0,0.0,0.0,0.0,0.0,0.0,0.0,0.0,,0.0,0.0,0.0,0.0,0.0,0.0,0.0,0.0,0.0,,0.0
"Rex, Tre",0.0,0.0,0.0,0.0,0.0,0.0,0.0,0.0,,0.0,0.0,0.0,0.0,0.0,0.0,0.0,0.0,0.0,,0.0
"Reynolds, Owen",0.0,0.0,0.0,0.0,0.0,0.0,0.0,0.0,,0.0,0.0,0.0,0.0,0.0,0.0,0.0,0.0,0.0,,0.0
"Rhadans, Dalton",0.0,0.0,0.0,0.0,0.0,0.0,0.0,0.0,,0.0,0.0,0.0,0.0,0.0,0.0,0.0,0.0,0.0,,0.0
"Rhein, Colin",1.0,0.0,1.0,0.0,1.0,0.0,0.0,0.0,,0.0,99.94450610432852,0.0,99.98612652608213,0.0,99.98612652608213,0.0,0.0,0.0,,0.0
"Riffe, Ben",0.0,0.0,0.0,0.0,0.0,0.0,0.0,0.0,,0.0,0.0,0.0,0.0,0.0,0.0,0.0,0.0,0.0,,0.0
"Rios, Marc",0.0,0.0,0.0,0.0,0.0,0.0,0.0,0.0,,0.0,0.0,0.0,0.0,0.0,0.0,0.0,0.0,0.0,,0.0
"Risedorph, Brayden",0.0,0.0,0.0,0.0,0.0,0.0,0.0,0.0,,0.0,0.0,0.0,0.0,0.0,0.0,0.0,0.0,0.0,,0.0
"Ritchie, Erik",0.0,0.0,0.0,0.0,0.0,0.0,0.0,0.0,,0.0,0.0,0.0,0.0,0.0,0.0,0.0,0.0,0.0,,0.0
"Rivera, Jason",0.0,0.0,0.0,0.0,0.0,0.0,0.0,0.0,0.3533927239275458,0.0,0.0,0.0,0.0,0.0,0.0,0.0,0.0,0.0,15.537906137184116,0.0
"Roach, Andrew",0.0,0.0,0.0,0.0,0.0,0.0,0.0,0.0,,0.0,0.0,0.0,0.0,0.0,0.0,0.0,0.0,0.0,,0.0
"Robarts, Brock",0.0,0.0,0.0,0.0,0.0,0.0,0.0,0.0,,0.0,0.0,0.0,0.0,0.0,0.0,0.0,0.0,0.0,,0.0
"Robinson, Zachary",0.0,0.0,0.0,0.0,0.0,0.0,0.0,0.0,,0.0,0.0,0.0,0.0,0.0,0.0,0.0,0.0,0.0,,0.0
"Robison, Bryce",0.0,0.0,0.0,0.0,0.0,0.0,0.0,0.0,,0.0,0.0,0.0,0.0,0.0,0.0,0.0,0.0,0.0,,0.0
"Rodgers, Jackson",0.0,0.0,0.0,0.0,0.0,0.0,0.0,0.0,,0.0,0.0,0.0,0.0,0.0,0.0,0.0,0.0,0.0,,0.0
"Rodriguez, Christian",0.0,0.0,0.0,0.0,0.0,0.0,0.0,0.0,,0.0,0.0,0.0,0.0,0.0,0.0,0.0,0.0,0.0,,0.0
"Rodriguez, Luis",0.0,0.0,0.0,0.0,0.0,0.0,0.0,0.0,,0.0,0.0,0.0,0.0,0.0,0.0,0.0,0.0,0.0,,0.0
"Rodriguez, Luke",0.0,0.0,0.0,0.0,0.0,0.0,0.0,0.0,,0.0,0.0,0.0,0.0,0.0,0.0,0.0,0.0,0.0,,0.0
"Rodriguez, Mauricio",0.0,0.0,0.0,0.0,0.0,0.0,0.0,0.0,,0.0,0.0,0.0,0.0,0.0,0.0,0.0,0.0,0.0,,0.0
"Rolka, Nate",0.0,0.0,0.0,0.0,0.0,0.0,0.0,0.0,,0.0,0.0,0.0,0.0,0.0,0.0,0.0,0.0,0.0,,0.0
"Romano, Mike",0.0,0.0,0.0,0.0,0.0,0.0,0.0,0.0,,0.0,0.0,0.0,0.0,0.0,0.0,0.0,0.0,0.0,,0.0
"Ronevich, Tyler",0.0,0.0,0.0,0.0,0.0,0.0,0.0,0.0,,0.0,0.0,0.0,0.0,0.0,0.0,0.0,0.0,0.0,,0.0
"Rons, Cooper",1.0,0.0,1.0,0.0,1.0,0.0,0.0,0.0,,0.0,99.94450610432852,0.0,99.98612652608213,0.0,99.98612652608213,0.0,0.0,0.0,,0.0
"Rosenfeld, Kyle",0.0,0.0,0.0,0.0,0.0,0.0,0.0,0.0,,0.0,0.0,0.0,0.0,0.0,0.0,0.0,0.0,0.0,,0.0
"Ross, Luke",0.0,0.0,0.0,0.0,0.0,0.0,0.0,0.0,,0.0,0.0,0.0,0.0,0.0,0.0,0.0,0.0,0.0,,0.0
"Rosser, Nate",0.0,0.0,0.0,0.0,0.0,0.0,0.0,0.0,,0.0,0.0,0.0,0.0,0.0,0.0,0.0,0.0,0.0,,0.0
"Rossi, Tony",0.0,0.0,0.0,0.0,0.0,0.0,0.0,0.0,,0.0,0.0,0.0,0.0,0.0,0.0,0.0,0.0,0.0,,0.0
"Rudis, Brad",0.0,0.0,0.0,0.0,0.0,0.0,0.0,0.0,,0.0,0.0,0.0,0.0,0.0,0.0,0.0,0.0,0.0,,0.0
"Ruff, Rashad",0.0,0.0,0.0,0.0,0.0,0.0,0.0,0.0,,0.0,0.0,0.0,0.0,0.0,0.0,0.0,0.0,0.0,,0.0
"Ruggieri, Michael",1.0,0.0,1.0,0.0,1.0,0.0,0.0,0.0,,0.0,99.94450610432852,0.0,99.98612652608213,0.0,99.98612652608213,0.0,0.0,0.0,,0.0
"Rushing, Logan",0.0,0.0,0.0,0.0,0.0,0.0,0.0,0.0,,0.0,0.0,0.0,0.0,0.0,0.0,0.0,0.0,0.0,,0.0
"Russell, Aidan",0.0,0.0,0.0,0.0,0.0,0.0,0.0,0.0,,0.0,0.0,0.0,0.0,0.0,0.0,0.0,0.0,0.0,,0.0
"Saale, Dylan",0.0,0.0,0.0,0.0,0.0,0.0,0.0,0.0,,0.0,0.0,0.0,0.0,0.0,0.0,0.0,0.0,0.0,,0.0
"Sabers, Zachary",0.0,0.0,0.0,0.0,0.0,0.0,0.0,0.0,,0.0,0.0,0.0,0.0,0.0,0.0,0.0,0.0,0.0,,0.0
"Salisbury, Daniel",0.0,0.0,0.0,0.0,0.0,0.0,0.0,0.0,,0.0,0.0,0.0,0.0,0.0,0.0,0.0,0.0,0.0,,0.0
"Sanchez, Frankie",0.5,0.0,0.5,0.0,0.5,0.0,0.0,0.0,,0.0,95.67147613762486,0.0,99.69478357380687,0.0,99.87513873473918,0.0,0.0,0.0,,0.0
"Sanders, Brayden",0.0,0.0,0.0,0.0,0.0,0.0,0.0,0.0,,0.0,0.0,0.0,0.0,0.0,0.0,0.0,0.0,0.0,,0.0
"Sanders, Josh",0.0,0.0,0.0,0.0,0.0,0.0,0.0,0.0,,0.0,0.0,0.0,0.0,0.0,0.0,0.0,0.0,0.0,,0.0
"Sannes, Ethan",0.0,0.0,0.0,0.0,0.0,0.0,0.0,0.0,,0.0,0.0,0.0,0.0,0.0,0.0,0.0,0.0,0.0,,0.0
"Santerre, Lance",0.0,0.0,0.0,0.0,0.0,0.0,0.0,0.0,,0.0,0.0,0.0,0.0,0.0,0.0,0.0,0.0,0.0,,0.0
"Saulys, Evan",0.0,0.0,0.0,0.0,0.0,0.0,0.0,0.0,,0.0,0.0,0.0,0.0,0.0,0.0,0.0,0.0,0.0,,0.0
"Saum, Jacob",0.0,0.0,0.0,0.0,0.0,0.0,0.0,0.0,,0.0,0.0,0.0,0.0,0.0,0.0,0.0,0.0,0.0,,0.0
"Savary, Aaron",0.0,0.0,0.0,0.0,0.0,0.0,0.0,0.0,,0.0,0.0,0.0,0.0,0.0,0.0,0.0,0.0,0.0,,0.0
"Savedoff, Corey",0.0,0.0,0.0,0.0,0.0,0.0,0.0,0.0,,0.0,0.0,0.0,0.0,0.0,0.0,0.0,0.0,0.0,,0.0
"Schapira, Calvin",0.0,0.0,0.0,0.0,0.0,0.0,0.0,0.0,,0.0,0.0,0.0,0.0,0.0,0.0,0.0,0.0,0.0,,0.0
"Schissler, Stephen",0.0,0.0,0.0,0.0,0.0,0.0,0.0,0.0,,0.0,0.0,0.0,0.0,0.0,0.0,0.0,0.0,0.0,,0.0
"Schmidt, Samuel",0.0,0.0,0.0,0.0,0.0,0.0,0.0,0.0,,0.0,0.0,0.0,0.0,0.0,0.0,0.0,0.0,0.0,,0.0
"Schroeder, Eric",0.0,0.0,0.0,0.0,0.0,0.0,0.0,0.0,,0.0,0.0,0.0,0.0,0.0,0.0,0.0,0.0,0.0,,0.0
"Scott, Matt",0.3333333333333333,0.0,0.3333333333333333,0.0,0.3333333333333333,0.0,0.0,0.0,,0.0,30.382907880133185,0.0,98.58490566037736,0.0,98.72364039955605,0.0,0.0,0.0,,0.0
"Scott, Reed",0.0,0.0,0.0,0.0,0.0,0.0,0.0,0.0,,0.0,0.0,0.0,0.0,0.0,0.0,0.0,0.0,0.0,,0.0
"Sepulveda, Stephen",0.0,0.0,0.0,0.0,0.0,0.0,0.0,0.0,,0.0,0.0,0.0,0.0,0.0,0.0,0.0,0.0,0.0,,0.0
"Serrano, Ethan",0.0,0.0,0.0,0.0,0.0,0.0,0.0,0.0,,0.0,0.0,0.0,0.0,0.0,0.0,0.0,0.0,0.0,,0.0
"Shafer, Jacob",1.0,0.0,1.0,1.0,0.0,0.0,0.0,0.0,,0.0,99.94450610432852,0.0,99.98612652608213,100.0,0.0,0.0,0.0,0.0,,0.0
"Shankle, Grant",0.0,0.0,0.0,0.0,0.0,0.0,0.0,0.0,,0.0,0.0,0.0,0.0,0.0,0.0,0.0,0.0,0.0,,0.0
"Shaw, David",0.0,0.0,0.0,0.0,0.0,0.0,0.0,0.0,,0.0,0.0,0.0,0.0,0.0,0.0,0.0,0.0,0.0,,0.0
"Shearer, Garrett",0.0,1.0,0.0,0.0,0.0,0.0,0.0,0.0,,0.0,0.0,99.87513873473918,0.0,0.0,0.0,0.0,0.0,0.0,,0.0
"Shew, Adam",0.0,0.0,0.0,0.0,0.0,0.0,0.0,0.0,,0.0,0.0,0.0,0.0,0.0,0.0,0.0,0.0,0.0,,0.0
"Shirah, Matthew",0.0,0.0,0.0,0.0,0.0,0.0,0.0,0.0,,0.0,0.0,0.0,0.0,0.0,0.0,0.0,0.0,0.0,,0.0
"Shoemaker, David",0.0,0.0,0.0,0.0,0.0,0.0,0.0,0.0,,1.0,0.0,0.0,0.0,0.0,0.0,0.0,0.0,0.0,,99.9583795782464
"Shuffler, Henry",0.0,0.0,0.0,0.0,0.0,0.0,0.0,0.0,,0.0,0.0,0.0,0.0,0.0,0.0,0.0,0.0,0.0,,0.0
"Siegner, Drew",0.0,0.0,0.0,0.0,0.0,0.0,0.0,0.0,,0.0,0.0,0.0,0.0,0.0,0.0,0.0,0.0,0.0,,0.0
"Sierra, Maylo",0.0,0.0,0.0,0.0,0.0,0.0,0.0,0.0,,0.0,0.0,0.0,0.0,0.0,0.0,0.0,0.0,0.0,,0.0
"Simon, Samuel",0.0,0.0,0.0,0.0,0.0,0.0,0.0,0.0,,0.0,0.0,0.0,0.0,0.0,0.0,0.0,0.0,0.0,,0.0
"Siverling, Matthew",0.0,0.0,0.0,0.0,0.0,0.0,0.0,0.0,,0.0,0.0,0.0,0.0,0.0,0.0,0.0,0.0,0.0,,0.0
"Sivley, Kros",1.0,0.0,1.0,0.0,1.0,0.0,0.0,0.0,,0.0,99.94450610432852,0.0,99.98612652608213,0.0,99.98612652608213,0.0,0.0,0.0,,0.0
"Sjostrom, Gabriel",0.0,0.0,0.0,0.0,0.0,0.0,0.0,0.0,,0.0,0.0,0.0,0.0,0.0,0.0,0.0,0.0,0.0,,0.0
"Slater, Ryan",0.0,0.0,0.0,0.0,0.0,0.0,0.0,0.0,,0.0,0.0,0.0,0.0,0.0,0.0,0.0,0.0,0.0,,0.0
"Sleeper, Ryan",0.0,0.0,0.0,0.0,0.0,0.0,0.0,0.0,,0.0,0.0,0.0,0.0,0.0,0.0,0.0,0.0,0.0,,0.0
"Smith, Brandon",0.0,0.0,0.0,0.0,0.0,0.0,0.0,0.0,,0.0,0.0,0.0,0.0,0.0,0.0,0.0,0.0,0.0,,0.0
"Smith, Casey",0.0,0.0,0.0,0.0,0.0,0.0,0.0,0.0,,0.0,0.0,0.0,0.0,0.0,0.0,0.0,0.0,0.0,,0.0
"Smith, Davis",0.0,0.0,0.0,0.0,0.0,0.0,0.0,0.0,,0.0,0.0,0.0,0.0,0.0,0.0,0.0,0.0,0.0,,0.0
"Smith, Derrick",0.0,0.0,0.0,0.0,0.0,0.0,0.0,0.0,,0.0,0.0,0.0,0.0,0.0,0.0,0.0,0.0,0.0,,0.0
"Smith, Drake",0.0,0.0,0.0,0.0,0.0,0.0,0.0,0.0,,0.0,0.0,0.0,0.0,0.0,0.0,0.0,0.0,0.0,,0.0
"Smith, Hagen",0.0,0.0,0.0,0.0,0.0,0.0,0.0,0.0,,0.0,0.0,0.0,0.0,0.0,0.0,0.0,0.0,0.0,,0.0
"Smith, Nick",0.0,0.0,0.0,0.0,0.0,0.0,0.0,0.0,,0.0,0.0,0.0,0.0,0.0,0.0,0.0,0.0,0.0,,0.0
"Smith, Parker",0.0,0.0,0.0,0.0,0.0,0.0,0.0,0.0,,0.0,0.0,0.0,0.0,0.0,0.0,0.0,0.0,0.0,,0.0
"Smith, Peyton",0.2222222222222222,0.1111111111111111,0.2222222222222222,0.1111111111111111,0.1111111111111111,0.1111111111111111,0.0,0.1111111111111111,,0.0,6.714761376248612,0.8324084350721421,85.46059933407325,17.53607103218646,8.074361820199778,69.92230854605992,0.0,94.14539400665927,,0.0
"Smith, Reed",0.25,0.25,0.25,0.0,0.25,0.0,0.0,0.0,0.7601529238513598,0.5,10.61320754716981,7.3668146503884575,92.91065482796893,0.0,93.81243063263041,0.0,0.0,0.0,95.45126353790614,99.90288568257492
"Smith, Tanner",0.0,0.0,0.0,0.0,0.0,0.0,0.0,0.0,,0.0,0.0,0.0,0.0,0.0,0.0,0.0,0.0,0.0,,0.0
"Smith, Travis",0.0,0.0,0.0,0.0,0.0,0.0,0.0,0.0,,0.0,0.0,0.0,0.0,0.0,0.0,0.0,0.0,0.0,,0.0
"Smith, Tyler",0.0,0.0,0.0,0.0,0.0,0.0,0.0,0.0,,1.0,0.0,0.0,0.0,0.0,0.0,0.0,0.0,0.0,,99.9583795782464
"Snead, Nate",0.0,0.0,0.0,0.0,0.0,0.0,0.0,0.0,,0.0,0.0,0.0,0.0,0.0,0.0,0.0,0.0,0.0,,0.0
"Snyder, Jackson",0.5,0.0,0.5,0.5,0.0,0.5,0.0,0.5,,0.0,95.67147613762486,0.0,99.69478357380687,99.7780244173141,0.0,99.97225305216426,0.0,99.97225305216426,,0.0
"Sokol, Jack",0.0,0.0,0.0,0.0,0.0,0.0,0.0,0.0,,0.0,0.0,0.0,0.0,0.0,0.0,0.0,0.0,0.0,,0.0
"Sotelo, Daniel",0.0,0.0,0.0,0.0,0.0,0.0,0.0,0.0,,0.0,0.0,0.0,0.0,0.0,0.0,0.0,0.0,0.0,,0.0
"Spencer, Connor",0.0,0.0,0.0,0.0,0.0,0.0,0.0,0.0,,0.0,0.0,0.0,0.0,0.0,0.0,0.0,0.0,0.0,,0.0
"Spolyar, Andrew",0.5,0.0,0.5,0.0,0.5,0.0,0.0,0.0,,0.0,95.67147613762486,0.0,99.69478357380687,0.0,99.87513873473918,0.0,0.0,0.0,,0.0
"Sprague, Shea",0.6153846153846154,0.0,0.6153846153846154,0.5384615384615384,0.07692307692307693,0.07692307692307693,0.0,0.07692307692307693,,0.0,99.65316315205327,0.0,99.94450610432852,99.91675915649279,3.093784683684795,36.556603773584904,0.0,76.91453940066593,,0.0
"Stancato, Kyler",0.0,0.0,0.0,0.0,0.0,0.0,0.0,0.0,,0.0,0.0,0.0,0.0,0.0,0.0,0.0,0.0,0.0,,0.0
"Stanford, Michael Alan",0.0,0.0,0.0,0.0,0.0,0.0,0.0,0.0,,0.0,0.0,0.0,0.0,0.0,0.0,0.0,0.0,0.0,,0.0
"Stasiowski, Tyler",0.0,0.0,0.0,0.0,0.0,0.0,0.0,0.0,,0.0,0.0,0.0,0.0,0.0,0.0,0.0,0.0,0.0,,0.0
"Stearns, Spencer",0.0,0.0,0.0,0.0,0.0,0.0,0.0,0.0,,0.0,0.0,0.0,0.0,0.0,0.0,0.0,0.0,0.0,,0.0
"Stephen, Khal",1.0,0.0,1.0,1.0,0.0,0.0,0.0,0.0,,0.0,99.94450610432852,0.0,99.98612652608213,100.0,0.0,0.0,0.0,0.0,,0.0
"Stepter, Kylan",0.0,0.0,0.0,0.0,0.0,0.0,0.0,0.0,,0.0,0.0,0.0,0.0,0.0,0.0,0.0,0.0,0.0,,0.0
"Sterner, Luke",0.0,0.0,0.0,0.0,0.0,0.0,0.0,0.0,,0.0,0.0,0.0,0.0,0.0,0.0,0.0,0.0,0.0,,0.0
"Stevens, Nolan",0.0,0.0,0.0,0.0,0.0,0.0,0.0,0.0,,0.0,0.0,0.0,0.0,0.0,0.0,0.0,0.0,0.0,,0.0
"Stewart, Dalen",0.0,0.0,0.0,0.0,0.0,0.0,0.0,0.0,,0.0,0.0,0.0,0.0,0.0,0.0,0.0,0.0,0.0,,0.0
"Stewart, Robbie",0.0,0.0,0.0,0.0,0.0,0.0,0.0,0.0,,0.0,0.0,0.0,0.0,0.0,0.0,0.0,0.0,0.0,,0.0
"Stieg, Griffin",0.0,0.0,0.0,0.0,0.0,0.0,0.0,0.0,,0.0,0.0,0.0,0.0,0.0,0.0,0.0,0.0,0.0,,0.0
"Stretch, Jacob",0.0,0.0,0.0,0.0,0.0,0.0,0.0,0.0,,0.0,0.0,0.0,0.0,0.0,0.0,0.0,0.0,0.0,,0.0
"Stromsborg, Tyler",0.0,0.0,0.0,0.0,0.0,0.0,0.0,0.0,,0.0,0.0,0.0,0.0,0.0,0.0,0.0,0.0,0.0,,0.0
"Stump, Landon",0.0,0.0,0.0,0.0,0.0,0.0,0.0,0.0,,0.0,0.0,0.0,0.0,0.0,0.0,0.0,0.0,0.0,,0.0
"Sundquist, Eli",0.0,0.0,0.0,0.0,0.0,0.0,0.0,0.0,,0.0,0.0,0.0,0.0,0.0,0.0,0.0,0.0,0.0,,0.0
"Switalski, Adam",0.0,0.0,0.0,0.0,0.0,0.0,0.0,0.0,,0.0,0.0,0.0,0.0,0.0,0.0,0.0,0.0,0.0,,0.0
"Tabeling, Logan",0.0,0.0,0.0,0.0,0.0,0.0,0.0,0.0,,0.0,0.0,0.0,0.0,0.0,0.0,0.0,0.0,0.0,,0.0
"Takac, Micah",0.0,0.0,0.0,0.0,0.0,0.0,0.0,0.0,,0.0,0.0,0.0,0.0,0.0,0.0,0.0,0.0,0.0,,0.0
"Takemoto, Itsuki",0.0,0.0,0.0,0.0,0.0,0.0,0.0,0.0,,0.0,0.0,0.0,0.0,0.0,0.0,0.0,0.0,0.0,,0.0
"Tarr, Matthew",0.0,0.0,0.0,0.0,0.0,0.0,0.0,0.0,,0.0,0.0,0.0,0.0,0.0,0.0,0.0,0.0,0.0,,0.0
"Taylor, Grant",0.0,0.0,0.0,0.0,0.0,0.0,0.0,0.0,,0.0,0.0,0.0,0.0,0.0,0.0,0.0,0.0,0.0,,0.0
"Taylor, Joseph",0.0,0.0,0.0,0.0,0.0,0.0,0.0,0.0,,0.0,0.0,0.0,0.0,0.0,0.0,0.0,0.0,0.0,,0.0
"Teke, Jared",0.0,0.0,0.0,0.0,0.0,0.0,0.0,0.0,,0.0,0.0,0.0,0.0,0.0,0.0,0.0,0.0,0.0,,0.0
"Thomas, Brett",0.0,0.0,0.0,0.0,0.0,0.0,0.0,0.0,,0.0,0.0,0.0,0.0,0.0,0.0,0.0,0.0,0.0,,0.0
"Thomas, Luke",0.0,0.0,0.0,0.0,0.0,0.0,0.0,0.0,,0.0,0.0,0.0,0.0,0.0,0.0,0.0,0.0,0.0,,0.0
"Thompson, Brandt",0.3333333333333333,0.0,0.3333333333333333,0.0,0.3333333333333333,0.0,0.0,0.0,,0.0,30.382907880133185,0.0,98.58490566037736,0.0,98.72364039955605,0.0,0.0,0.0,,0.0
"Thompson, DJ",0.0,0.0,0.0,0.0,0.0,0.0,0.0,0.0,,0.0,0.0,0.0,0.0,0.0,0.0,0.0,0.0,0.0,,0.0
"Thompson, Daniel",1.0,0.0,1.0,0.0,1.0,0.0,0.0,0.0,,0.0,99.94450610432852,0.0,99.98612652608213,0.0,99.98612652608213,0.0,0.0,0.0,,0.0
"Tibbett, Ricky",1.0,0.0,1.0,0.0,1.0,0.0,0.0,0.0,,0.0,99.94450610432852,0.0,99.98612652608213,0.0,99.98612652608213,0.0,0.0,0.0,,0.0
"Titsworth, Drew",0.0,0.0,0.0,0.0,0.0,0.0,0.0,0.0,,0.0,0.0,0.0,0.0,0.0,0.0,0.0,0.0,0.0,,0.0
"Todd, Niall",0.0,0.0,0.0,0.0,0.0,0.0,0.0,0.0,,0.0,0.0,0.0,0.0,0.0,0.0,0.0,0.0,0.0,,0.0
"Trapp, Casey",0.0,0.0,0.0,0.0,0.0,0.0,0.0,0.0,,0.0,0.0,0.0,0.0,0.0,0.0,0.0,0.0,0.0,,0.0
"Tryba, Cole",0.0,0.0,0.0,0.0,0.0,0.0,0.0,0.0,,0.0,0.0,0.0,0.0,0.0,0.0,0.0,0.0,0.0,,0.0
"Turner, Derek",1.0,0.0,1.0,0.0,1.0,0.0,0.0,0.0,,0.0,99.94450610432852,0.0,99.98612652608213,0.0,99.98612652608213,0.0,0.0,0.0,,0.0
"Turner, Jacob",0.0,0.0,0.0,0.0,0.0,0.0,0.0,0.0,,0.0,0.0,0.0,0.0,0.0,0.0,0.0,0.0,0.0,,0.0
"Turzenski, Trent",0.0,0.0,0.0,0.0,0.0,0.0,0.0,0.0,,0.0,0.0,0.0,0.0,0.0,0.0,0.0,0.0,0.0,,0.0
"Urbanczyk, Ryland",0.0,0.0,0.0,0.0,0.0,0.0,0.0,0.0,,0.0,0.0,0.0,0.0,0.0,0.0,0.0,0.0,0.0,,0.0
"Ure, Jared",0.0,0.0,0.0,0.0,0.0,0.0,0.0,0.0,,0.0,0.0,0.0,0.0,0.0,0.0,0.0,0.0,0.0,,0.0
"Ure, Ryan",0.0,0.0,0.0,0.0,0.0,0.0,0.0,0.0,,0.0,0.0,0.0,0.0,0.0,0.0,0.0,0.0,0.0,,0.0
"Valchar, Joe",0.0,0.0,0.0,0.0,0.0,0.0,0.0,0.0,,0.0,0.0,0.0,0.0,0.0,0.0,0.0,0.0,0.0,,0.0
"Valdez, Tyler",0.0,0.0,0.0,0.0,0.0,0.0,0.0,0.0,,0.0,0.0,0.0,0.0,0.0,0.0,0.0,0.0,0.0,,0.0
"Valentine, Collin",0.0,0.0,0.0,0.0,0.0,0.0,0.0,0.0,,0.0,0.0,0.0,0.0,0.0,0.0,0.0,0.0,0.0,,0.0
"Van Assen, Cole",0.0,0.0,0.0,0.0,0.0,0.0,0.0,0.0,,0.0,0.0,0.0,0.0,0.0,0.0,0.0,0.0,0.0,,0.0
"Van Sickle, Bryson",0.0,0.0,0.0,0.0,0.0,0.0,0.0,0.0,,0.0,0.0,0.0,0.0,0.0,0.0,0.0,0.0,0.0,,0.0
"Van der lelie, Jelle",0.0,0.0,0.0,0.0,0.0,0.0,0.0,0.0,,0.0,0.0,0.0,0.0,0.0,0.0,0.0,0.0,0.0,,0.0
"VanDoran, Jack",0.0,0.0,0.0,0.0,0.0,0.0,0.0,0.0,,0.0,0.0,0.0,0.0,0.0,0.0,0.0,0.0,0.0,,0.0
"Vaughn, James",0.5714285714285714,0.3333333333333333,0.2857142857142857,0.3333333333333333,0.23809523809523808,0.14285714285714285,0.0,0.14285714285714285,,0.14285714285714285,99.15371809100999,31.215316315205328,97.01720310765816,96.40677025527192,92.11986681465038,88.98446170921198,0.0,98.01609322974473,,96.47613762486127
"Vaughns, Jonathan",0.0,0.0,0.0,0.0,0.0,0.0,0.0,0.0,,0.0,0.0,0.0,0.0,0.0,0.0,0.0,0.0,0.0,,0.0
"Veach, Chris",0.0,0.0,0.0,0.0,0.0,0.0,0.0,0.0,,0.0,0.0,0.0,0.0,0.0,0.0,0.0,0.0,0.0,,0.0
"Vespi, Ben",0.0,0.0,0.0,0.0,0.0,0.0,0.0,0.0,,0.0,0.0,0.0,0.0,0.0,0.0,0.0,0.0,0.0,,0.0
"Vigue, Dylan",1.0,0.0,1.0,0.0,1.0,0.0,0.0,0.0,,0.0,99.94450610432852,0.0,99.98612652608213,0.0,99.98612652608213,0.0,0.0,0.0,,0.0
"Voegele, Dominic",0.0,1.0,0.0,0.0,0.0,0.0,0.0,0.0,,0.0,0.0,99.87513873473918,0.0,0.0,0.0,0.0,0.0,0.0,,0.0
"Vogatsky, Joe",0.0,0.0,0.0,0.0,0.0,0.0,0.0,0.0,,0.0,0.0,0.0,0.0,0.0,0.0,0.0,0.0,0.0,,0.0
"Vos, Daniel",0.0,0.0,0.0,0.0,0.0,0.0,0.0,0.0,,0.0,0.0,0.0,0.0,0.0,0.0,0.0,0.0,0.0,,0.0
"Voss, Zach",0.0,0.0,0.0,0.0,0.0,0.0,0.0,0.0,,0.0,0.0,0.0,0.0,0.0,0.0,0.0,0.0,0.0,,0.0
"Wade, Lance",1.0,0.0,1.0,0.0,1.0,0.0,0.0,0.0,,0.0,99.94450610432852,0.0,99.98612652608213,0.0,99.98612652608213,0.0,0.0,0.0,,0.0
"Wagoner, Jake",0.0,0.0,0.0,0.0,0.0,0.0,0.0,0.0,,0.0,0.0,0.0,0.0,0.0,0.0,0.0,0.0,0.0,,0.0
"Wainer, Austin",0.4418604651162791,0.3488372093023256,0.16279069767441862,0.16279069767441862,0.27906976744186046,0.046511627906976744,0.023255813953488372,0.023255813953488372,0.25473352366490953,0.046511627906976744,82.60266370699223,41.17647058823529,42.508324084350726,33.074361820199776,97.2669256381798,14.913984461709212,31.95061043285239,15.80188679245283,7.379061371841155,25.0
"Waller, Braxton",0.0,0.0,0.0,0.0,0.0,0.0,0.0,0.0,,0.0,0.0,0.0,0.0,0.0,0.0,0.0,0.0,0.0,,0.0
"Warren, David",0.0,0.0,0.0,0.0,0.0,0.0,0.0,0.0,,0.0,0.0,0.0,0.0,0.0,0.0,0.0,0.0,0.0,,0.0
"Warren, Demetrous",0.0,1.0,0.0,0.0,0.0,0.0,0.0,0.0,,0.0,0.0,99.87513873473918,0.0,0.0,0.0,0.0,0.0,0.0,,0.0
"Wash, Logan",0.0,0.0,0.0,0.0,0.0,0.0,0.0,0.0,,0.0,0.0,0.0,0.0,0.0,0.0,0.0,0.0,0.0,,0.0
"Washburn, Jack",0.0,0.0,0.0,0.0,0.0,0.0,0.0,0.0,,0.0,0.0,0.0,0.0,0.0,0.0,0.0,0.0,0.0,,0.0
"Welch, Chandler",0.0,0.0,0.0,0.0,0.0,0.0,0.0,0.0,,0.0,0.0,0.0,0.0,0.0,0.0,0.0,0.0,0.0,,0.0
"West, John",0.0,0.0,0.0,0.0,0.0,0.0,0.0,0.0,,0.0,0.0,0.0,0.0,0.0,0.0,0.0,0.0,0.0,,0.0
"Whitaker, Logan",0.0,0.0,0.0,0.0,0.0,0.0,0.0,0.0,,0.0,0.0,0.0,0.0,0.0,0.0,0.0,0.0,0.0,,0.0
"White, Aaron",0.0,0.0,0.0,0.0,0.0,0.0,0.0,0.0,,0.0,0.0,0.0,0.0,0.0,0.0,0.0,0.0,0.0,,0.0
"White, Dylan",0.0,0.0,0.0,0.0,0.0,0.0,0.0,0.0,,0.0,0.0,0.0,0.0,0.0,0.0,0.0,0.0,0.0,,0.0
"White, Ryan",0.0,0.0,0.0,0.0,0.0,0.0,0.0,0.0,,0.0,0.0,0.0,0.0,0.0,0.0,0.0,0.0,0.0,,0.0
"Wickersham, Kaden",0.0,0.0,0.0,0.0,0.0,0.0,0.0,0.0,,0.0,0.0,0.0,0.0,0.0,0.0,0.0,0.0,0.0,,0.0
"Widener, Jacob",0.0,0.0,0.0,0.0,0.0,0.0,0.0,0.0,,0.0,0.0,0.0,0.0,0.0,0.0,0.0,0.0,0.0,,0.0
"Wiegman, Jeremy",0.0,0.0,0.0,0.0,0.0,0.0,0.0,0.0,,0.0,0.0,0.0,0.0,0.0,0.0,0.0,0.0,0.0,,0.0
"Wietgrefe, Connor",0.0,0.0,0.0,0.0,0.0,0.0,0.0,0.0,,0.0,0.0,0.0,0.0,0.0,0.0,0.0,0.0,0.0,,0.0
"Wilford, Connor",0.0,0.0,0.0,0.0,0.0,0.0,0.0,0.0,,0.0,0.0,0.0,0.0,0.0,0.0,0.0,0.0,0.0,,0.0
"Williams, Nick",0.0,0.0,0.0,0.0,0.0,0.0,0.0,0.0,,0.0,0.0,0.0,0.0,0.0,0.0,0.0,0.0,0.0,,0.0
"Wilson, Gavin",0.0,0.0,0.0,0.0,0.0,0.0,0.0,0.0,,0.0,0.0,0.0,0.0,0.0,0.0,0.0,0.0,0.0,,0.0
"Windt, Tommy",0.0,0.0,0.0,0.0,0.0,0.0,0.0,0.0,,0.0,0.0,0.0,0.0,0.0,0.0,0.0,0.0,0.0,,0.0
"Wisenbaker, Cole",0.0,0.0,0.0,0.0,0.0,0.0,0.0,0.0,,0.0,0.0,0.0,0.0,0.0,0.0,0.0,0.0,0.0,,0.0
"Witherspoon, Kyson",0.0,0.0,0.0,0.0,0.0,0.0,0.0,0.0,,0.0,0.0,0.0,0.0,0.0,0.0,0.0,0.0,0.0,,0.0
"Wittig, Joey",0.0,0.0,0.0,0.0,0.0,0.0,0.0,0.0,,0.0,0.0,0.0,0.0,0.0,0.0,0.0,0.0,0.0,,0.0
"Womble, Christian",0.0,0.0,0.0,0.0,0.0,0.0,0.0,0.0,,0.0,0.0,0.0,0.0,0.0,0.0,0.0,0.0,0.0,,0.0
"Wood, Grant",0.0,0.0,0.0,0.0,0.0,0.0,0.0,0.0,,0.0,0.0,0.0,0.0,0.0,0.0,0.0,0.0,0.0,,0.0
"Wood, Jarryd",0.0,0.0,0.0,0.0,0.0,0.0,0.0,0.0,,0.0,0.0,0.0,0.0,0.0,0.0,0.0,0.0,0.0,,0.0
"Wynk, Blaine",0.0,0.0,0.0,0.0,0.0,0.0,0.0,0.0,,0.0,0.0,0.0,0.0,0.0,0.0,0.0,0.0,0.0,,0.0
"Yoo, Derek",0.3620689655172414,0.29310344827586204,0.20689655172413793,0.22413793103448276,0.13793103448275862,0.13793103448275862,0.017241379310344827,0.1206896551724138,0.7324123069210924,0.1206896551724138,42.82741398446171,16.925638179800224,77.44173140954494,63.082685904550495,18.174250832408433,87.26415094339622,24.791897891231965,96.21254162042176,94.54151624548737,93.5072142064373
"Young, Jack",0.0,0.0,0.0,0.0,0.0,0.0,0.0,0.0,,0.0,0.0,0.0,0.0,0.0,0.0,0.0,0.0,0.0,,0.0
"Zimmer, Ryan",0.0,0.0,0.0,0.0,0.0,0.0,0.0,0.0,,0.0,0.0,0.0,0.0,0.0,0.0,0.0,0.0,0.0,,0.0
